model,class_id,class_name,images_with_class_weight,AP50_95_percent,AP50_percent,AP75_percent
e18a,1,pedestrian,520,33.515386081415706,66.24852903211725,29.08508364459839
e18a,2,people,482,22.416972431416017,52.12867439578783,14.974588791545534
e18a,3,bicycle,364,15.982029203309466,32.36521966166222,13.210639209140037
e18a,4,car,515,63.51719743914505,87.97066662477476,71.93870461009158
e18a,5,van,421,35.46248018344801,48.03506126907446,40.91049932724772
e18a,6,truck,265,32.75648289269498,47.58659475600674,35.37280302145602
e18a,7,tricycle,337,23.117933383925678,39.112240915377136,24.915781259012565
e18a,8,awning-tricycle,219,11.73622901883667,18.00551264218944,12.475081895584127
e18a,9,bus,130,51.47898447585375,68.12360047609658,59.957687627686425
e18a,10,motor,485,32.067439572291356,64.43206166558915,28.392525101442452
e21a,1,pedestrian,520,33.31790282125862,66.31541909954356,28.998091708851483
e21a,2,people,482,22.452259378017903,52.18706497649872,14.53235859810103
e21a,3,bicycle,364,16.927196675401568,33.738817678722434,14.20846201958156
e21a,4,car,515,63.69103032828082,88.2639057274696,72.09517212414428
e21a,5,van,421,35.904621676973235,48.44704385229252,41.556464958109665
e21a,6,truck,265,32.25970924370751,47.93101089998197,36.09661547084496
e21a,7,tricycle,337,21.98072738610727,38.014503172530326,23.527880202023663
e21a,8,awning-tricycle,219,12.483963211979374,19.154946877930946,13.947155395992757
e21a,9,bus,130,50.15870452688347,65.96711663164388,59.81081520106666
e21a,10,motor,485,31.917643995891304,64.62824373144812,27.603811177433933
e15a,1,pedestrian,520,33.59062611930303,66.07200770615817,29.71019962914902
e15a,2,people,482,22.566878481561616,51.91555880281407,15.05130885545026
e15a,3,bicycle,364,15.920691344012024,32.37209764736587,12.55194979170816
e15a,4,car,515,63.59786563817405,88.10961545448536,71.97424507844178
e15a,5,van,421,35.41029140073448,47.900703458232066,41.230103736421825
e15a,6,truck,265,32.09733131640596,46.84345098802673,36.3564918457957
e15a,7,tricycle,337,21.30180316046505,37.268614634320286,21.53622548069702
e15a,8,awning-tricycle,219,12.336126452652826,19.159735879161783,13.072845334031916
e15a,9,bus,130,49.86141869251502,65.361473285654,58.895750402590096
e15a,10,motor,485,32.09471884174622,64.87906034047461,27.294777104501645
e20b,1,pedestrian,520,32.99715948117459,65.56031804866522,28.682177410305993
e20b,2,people,482,22.103406341394017,51.19013796351256,15.141322358967763
e20b,3,bicycle,364,15.992618724633001,32.39709950452451,12.988534581166267
e20b,4,car,515,63.615011783788376,88.0542614951521,72.14522534878202
e20b,5,van,421,35.752053249786805,48.423785295296796,41.420894313076126
e20b,6,truck,265,31.92253058143927,46.36365312630095,35.84542080188725
e20b,7,tricycle,337,22.538459512590332,38.36701513386543,25.009899449545458
e20b,8,awning-tricycle,219,12.053400691388386,19.22029244899982,13.298063569544697
e20b,9,bus,130,50.299862816156235,64.72175360997335,58.93428475892668
e20b,10,motor,485,31.8592106354634,64.39085886890017,27.002711294068956
e25a,1,pedestrian,520,33.13969494359806,65.77349672929125,28.603034617602358
e25a,2,people,482,22.424603345493743,51.84131719809433,15.08791775744128
e25a,3,bicycle,364,15.567171056093121,30.96772444149647,12.9618742259855
e25a,4,car,515,63.63851524400887,88.06925297779365,72.31639852458706
e25a,5,van,421,34.86119224029487,47.38707476806994,40.23340142597483
e25a,6,truck,265,30.361380105022768,44.94641711857474,33.219265544496054
e25a,7,tricycle,337,23.416684477236124,39.68133320703181,24.73191778645598
e25a,8,awning-tricycle,219,12.8687114854004,19.29212709402508,14.688814524567176
e25a,9,bus,130,49.63994826976223,65.01999106546288,58.13132614525847
e25a,10,motor,485,32.18417573510848,64.73272317727049,27.86574137383514
e16a,1,pedestrian,520,33.02316004627967,65.59450756972367,28.78075692378339
e16a,2,people,482,22.55395018870356,52.43227820479475,15.053990505604403
e16a,3,bicycle,364,16.310239910346272,32.884370404227745,14.248010992117926
e16a,4,car,515,63.66316723867234,88.2202937936407,72.3767689093306
e16a,5,van,421,35.06638369971819,47.69372828255107,40.4171057205332
e16a,6,truck,265,31.99932723449107,46.98207243691684,35.24381051768205
e16a,7,tricycle,337,20.978444811922465,35.94745505651499,21.988853649991125
e16a,8,awning-tricycle,219,12.575905833200657,19.236512487930774,14.03923140728651
e16a,9,bus,130,50.033257799996235,64.79383633706016,57.678980986479125
e16a,10,motor,485,31.961746581981565,64.16016006903294,27.660199526279754
e10a,1,pedestrian,520,32.99928539575236,65.76893755301536,28.107737892921246
e10a,2,people,482,22.437910533097984,52.213572374106775,14.747836402212064
e10a,3,bicycle,364,15.755722145620942,31.64340064882071,13.113196807432672
e10a,4,car,515,63.48346002659891,87.89014677772067,71.98299551111155
e10a,5,van,421,34.40338558922592,46.77420336945661,39.351359640977016
e10a,6,truck,265,31.618319994938524,45.788797080502654,34.61983936289266
e10a,7,tricycle,337,23.034288081616026,38.80269195388964,25.042224500587896
e10a,8,awning-tricycle,219,12.261447074131635,18.96984478637249,13.61801327765729
e10a,9,bus,130,51.67302504558139,67.6669266380934,61.610599264469435
e10a,10,motor,485,31.758170128988002,64.28295937804542,27.597482936047147
e5a,1,pedestrian,520,33.0784371580295,65.4412741200245,29.208619405612623
e5a,2,people,482,22.046534291619913,51.030555827536325,14.566513475520399
e5a,3,bicycle,364,15.53485242756425,31.424871542317973,12.851203055205767
e5a,4,car,515,63.73503418682202,88.32120849377843,72.30988836122981
e5a,5,van,421,35.771778958045985,48.109130993628376,41.42191963198223
e5a,6,truck,265,31.69784096994119,45.763429647973766,35.61861260752083
e5a,7,tricycle,337,22.424087647628674,38.120938866933294,23.235004999963067
e5a,8,awning-tricycle,219,12.04897525242271,18.398934127380404,12.854466193031055
e5a,9,bus,130,50.242746950407295,65.00688014663683,59.25309177830977
e5a,10,motor,485,31.597579986005474,63.6004577574353,26.98879451468741
e10clean,1,pedestrian,520,32.93306572359322,65.74851375005733,28.45059661474859
e10clean,2,people,482,22.243418283647422,51.20149462584398,14.73161650221036
e10clean,3,bicycle,364,16.12325210768994,32.67883342768077,13.609465076884831
e10clean,4,car,515,63.64592399661359,88.2851787984656,72.31362268106687
e10clean,5,van,421,35.079813806889874,48.00677034539755,40.09751125243925
e10clean,6,truck,265,31.33941284062248,45.1107968639416,34.974760964082385
e10clean,7,tricycle,337,22.241131257271356,38.32961996745603,23.133573402813248
e10clean,8,awning-tricycle,219,11.412826840299271,17.6600122851865,12.70821658085047
e10clean,9,bus,130,49.536407597107896,64.64924946060296,58.35846075483746
e10clean,10,motor,485,32.23021174393146,65.36800653804558,27.325825210142895
e26a,1,pedestrian,520,33.00942534615946,65.7738649762727,28.86090387393222
e26a,2,people,482,22.245350773172433,51.878391134049515,14.601950877560524
e26a,3,bicycle,364,15.82679402185168,32.12196149170096,13.316272158898359
e26a,4,car,515,63.321395360041734,87.99924895036969,71.82201952171867
e26a,5,van,421,35.267589731814056,47.9839516078903,40.94915563643925
e26a,6,truck,265,30.83550336169561,45.55973534915523,34.449857927061025
e26a,7,tricycle,337,22.48980707746682,38.363065426594744,23.62532025938689
e26a,8,awning-tricycle,219,12.143895681843263,18.71091270145421,13.602308428598036
e26a,9,bus,130,50.84733011250336,66.63945163775813,59.24369391854623
e26a,10,motor,485,31.63702671916339,64.60666287674182,26.985156470626535
e9b,1,pedestrian,520,33.21598572547728,66.04713374527385,28.896881295132204
e9b,2,people,482,22.192280084485095,51.42930587399926,14.863864753108686
e9b,3,bicycle,364,15.78830942282516,31.732226615875504,12.91665727142228
e9b,4,car,515,63.48937886223698,88.06516388576473,71.88535493526483
e9b,5,van,421,35.24843617599747,47.89870032339522,40.850067547408266
e9b,6,truck,265,30.538452486987467,44.64087782713671,33.9942123726329
e9b,7,tricycle,337,21.747653739875034,37.41135762268976,22.63652560367989
e9b,8,awning-tricycle,219,11.894979908704329,18.58035820915293,12.858644905337343
e9b,9,bus,130,50.917098078728216,66.70254021218057,58.1043964593702
e9b,10,motor,485,31.99052585600497,64.6846513260848,27.547903273746897
e8b,1,pedestrian,520,33.08527410959312,65.58798391387974,28.788903030071104
e8b,2,people,482,22.589413508614136,51.94087512893666,15.209634003785649
e8b,3,bicycle,364,15.334307473190435,31.443357709551805,12.320421577124165
e8b,4,car,515,63.650394723006265,88.19091296728554,72.00462019742551
e8b,5,van,421,35.21522980506628,47.789469224090176,40.789240278708746
e8b,6,truck,265,31.24955104991639,45.75718338923252,34.888035050675924
e8b,7,tricycle,337,22.766105537337697,38.359232107962896,24.298535260250404
e8b,8,awning-tricycle,219,12.256918979231285,19.235298759161385,13.231621128348653
e8b,9,bus,130,48.01630006622039,63.12649879100305,56.356600211861064
e8b,10,motor,485,30.963254670586405,63.553283466023515,26.12998342012719
e17a,1,pedestrian,520,33.06610661251578,65.49521951770967,28.563377016574055
e17a,2,people,482,22.280914157632548,51.556908476785345,15.204139154261732
e17a,3,bicycle,364,15.084199041553891,31.278437211996703,11.672551990668993
e17a,4,car,515,63.59668904454435,88.0596310639739,72.03351923850643
e17a,5,van,421,34.047867432546155,46.41330250404533,38.614240556341464
e17a,6,truck,265,31.44475287165576,46.041017769045176,35.46165505166298
e17a,7,tricycle,337,21.946411743181393,38.17661887444212,22.816972173749896
e17a,8,awning-tricycle,219,13.407109660270635,20.292062480550086,15.11996027311961
e17a,9,bus,130,50.4905849809018,66.4897921879608,60.5120501531478
e17a,10,motor,485,31.337621271010885,63.95227261443218,26.895815846885352
e1,1,pedestrian,520,32.62802906637212,65.45796922081617,27.767896689082438
e1,2,people,482,22.239362540099656,51.39444262190462,14.958838610802733
e1,3,bicycle,364,15.555179959331792,31.194054219367395,12.974036823134577
e1,4,car,515,63.74220295611316,88.32532813646799,72.16444939563348
e1,5,van,421,34.565317767853124,47.07884392511379,39.94008651406282
e1,6,truck,265,31.480083965781574,46.40298150458626,34.71482654051531
e1,7,tricycle,337,22.01528178510265,37.497786108487674,22.940682785863356
e1,8,awning-tricycle,219,11.616071629876618,18.1715495047833,12.976642325394478
e1,9,bus,130,50.106900038226236,68.00080109202533,58.50125596451734
e1,10,motor,485,31.62814563248842,64.28582436443797,26.41450553352877
e19a,1,pedestrian,520,32.71125503576689,65.2499618257146,28.55081412252828
e19a,2,people,482,21.70501035666046,50.33415229367243,14.59605533632828
e19a,3,bicycle,364,15.709513950742348,31.51036979518271,13.820351298879821
e19a,4,car,515,63.42738603215908,88.00136317826245,72.13837616647976
e19a,5,van,421,34.91851417063072,47.077415016254896,40.198636428926946
e19a,6,truck,265,31.684805121366345,45.69930997320078,36.062236568388016
e19a,7,tricycle,337,22.50231277702126,38.179337355691295,23.634319828291993
e19a,8,awning-tricycle,219,11.318810651963227,18.09746244703235,12.11874550365889
e19a,9,bus,130,48.91007389556289,64.14260694255296,58.53113728231325
e19a,10,motor,485,31.111826004426206,63.14952306556503,26.10768391290475
e0,1,pedestrian,520,28.497444897103293,58.39101454079978,24.252501834775334
e0,2,people,482,17.68961276016669,42.616155174135855,11.441907491701128
e0,3,bicycle,364,13.961882636659976,27.686862520489374,11.787961053533268
e0,4,car,515,61.48136776286973,85.66106022729242,69.40142517707925
e0,5,van,421,33.44038878208521,45.13186680348682,38.36814224703959
e0,6,truck,265,29.890185290098668,44.07634767173977,32.23479460250408
e0,7,tricycle,337,21.30034957277938,36.30044484161551,22.085332212047838
e0,8,awning-tricycle,219,11.366271988176807,16.88719898454465,12.620698300434693
e0,9,bus,130,47.25327861439351,61.04558797245969,55.56439086175916
e0,10,motor,485,28.535117724578214,58.49453555660116,23.810858930526937
