model,size_bin,iou,n,matched500,match500_rate,sameclass_oracle1000_rate,anyclass_oracle1000_rate,unmatched,rank_budget,class_confusion,competition,coverage_localization,best_valid_sameclass_rank_mean,best_valid_sameclass_rank_p50,best_valid_sameclass_rank_p90,best_valid_sameclass_score_mean,matched500_score_mean,rank_budget_501_1000_share_of_unmatched,class_confusion_share_of_unmatched,competition_within_top500_share_of_unmatched,coverage_localization_share_of_unmatched
E1,0-8,0.5,2423,1295,0.5344614114733801,0.5629385059843169,0.6776723070573669,1128,66,278,3,781,142.5681818181818,79.0,355.8000000000002,0.24443666046870055,0.25514224128326596,0.05851063829787234,0.24645390070921985,0.0026595744680851063,0.6923758865248227
E1,16-24,0.5,8596,7313,0.8507445323406235,0.8834341554211261,0.9709167054443928,1283,239,752,42,250,97.37542796944956,50.0,227.69999999999982,0.4555918842286187,0.46706584824587777,0.186282151208106,0.5861262665627436,0.03273577552611068,0.19485580670303976
E1,24-32,0.5,6035,5251,0.8700911350455676,0.8934548467274234,0.9741507870753935,784,128,487,13,156,79.79729228486647,39.0,178.0,0.529693214198694,0.5388237368476413,0.16326530612244897,0.6211734693877551,0.016581632653061226,0.1989795918367347
E1,8-16,0.5,9532,7186,0.753881661770877,0.78629878304658,0.9062106588334032,2346,261,1143,48,894,116.2621747831888,66.0,269.0,0.36728278832627226,0.37693035183673684,0.11125319693094629,0.48721227621483376,0.020460358056265986,0.38107416879795397
E1,0-8,0.75,2423,268,0.11060668592653736,0.11390837804374743,0.1390837804374742,2155,8,61,0,2086,112.96376811594203,65.0,263.5,0.31333478957674454,0.3222964901994886,0.0037122969837587007,0.028306264501160094,0.0,0.9679814385150812
E1,16-24,0.75,8596,4599,0.5350162866449512,0.553396928804095,0.6276174965100046,3997,154,638,4,3201,92.77906243430733,43.0,222.40000000000055,0.49085008224485327,0.5067662572586707,0.03852889667250438,0.15961971478608958,0.0010007505629221916,0.8008506379784839
E1,24-32,0.75,6035,3869,0.6410936205468103,0.6609776304888152,0.7333885666942833,2166,116,437,4,1609,78.67686136876411,33.0,178.20000000000027,0.5596911378399072,0.5761872917453369,0.05355493998153278,0.20175438596491227,0.0018467220683287165,0.7428439519852262
E1,8-16,0.75,9532,3120,0.3273185060847671,0.3380193033990768,0.39530004196391105,6412,97,546,5,5764,99.86778398510242,56.0,223.9000000000001,0.4231621039548815,0.4357514658659989,0.01512788521522146,0.0851528384279476,0.0007797878976918279,0.8989394884591391
E5a,0-8,0.5,2423,1281,0.5286834502682625,0.5538588526619893,0.6756087494841106,1142,58,295,3,786,140.41132637853948,82.0,340.9000000000001,0.23615653901836306,0.24497437237428937,0.050788091068301226,0.2583187390542907,0.002626970227670753,0.6882661996497373
E5a,16-24,0.5,8596,7332,0.8529548627268497,0.8827361563517915,0.9664960446719404,1264,225,720,31,288,97.1429889298893,51.0,226.0,0.4534315385335762,0.46329421525032854,0.17800632911392406,0.569620253164557,0.0245253164556962,0.22784810126582278
E5a,24-32,0.5,6035,5231,0.8667771333885667,0.8946147473073737,0.9764705882352941,804,151,494,17,142,82.41544730505649,38.0,180.0,0.5250044510780064,0.5365641861491479,0.18781094527363185,0.6144278606965174,0.021144278606965175,0.17661691542288557
E5a,8-16,0.5,9532,7167,0.7518883759966429,0.7827318506084767,0.9041124632815778,2365,243,1157,51,914,115.62324085243264,65.0,273.0,0.3643092482483144,0.3732042224113452,0.10274841437632136,0.48921775898520087,0.02156448202959831,0.3864693446088795
E5a,0-8,0.75,2423,286,0.11803549319026001,0.12381345439537764,0.1460998761865456,2137,14,54,0,2069,122.56333333333333,69.0,302.4000000000001,0.2923517035203986,0.3057391707340933,0.006551240056153486,0.02526906878802059,0.0,0.9681796911558259
E5a,16-24,0.75,8596,4601,0.535248953001396,0.553978594695207,0.6285481619357841,3995,155,641,6,3193,91.06719865602687,44.0,213.90000000000055,0.49251279773513607,0.5086067657429608,0.03879849812265332,0.160450563204005,0.001501877346683354,0.7992490613266583
E5a,24-32,0.75,6035,3862,0.63993371996686,0.6571665285832643,0.7343827671913836,2173,100,466,4,1603,76.86359051941503,34.0,176.5,0.5578095065320612,0.5719348204742726,0.04601932811780948,0.21445006902899216,0.0018407731247123793,0.737689829728486
E5a,8-16,0.75,9532,3155,0.3309903483004616,0.34336970205623163,0.39918170373478806,6377,114,532,4,5727,107.71371830125267,57.0,255.80000000000018,0.41336086836445474,0.427752424069391,0.017876744550729184,0.08342480790340286,0.0006272541947624275,0.8980711933511055
E10a,0-8,0.5,2423,1279,0.5278580272389599,0.5546842756912918,0.6694180767643417,1144,61,278,4,801,135.64434523809524,79.0,327.70000000000005,0.24229722111219112,0.2521936509707627,0.05332167832167832,0.243006993006993,0.0034965034965034965,0.7001748251748252
E10a,16-24,0.5,8596,7335,0.853303862261517,0.885295486272685,0.9691717077710563,1261,235,721,40,265,96.19789750328515,51.0,216.0,0.46109067781676283,0.472047362168543,0.18636003172085647,0.5717684377478192,0.0317208564631245,0.21015067406819984
E10a,24-32,0.5,6035,5269,0.8730737365368683,0.8971002485501243,0.976139188069594,766,138,477,7,144,82.67325452530477,39.0,189.0,0.52959235583319,0.5393781039623792,0.1801566579634465,0.6227154046997389,0.009138381201044387,0.18798955613577023
E10a,8-16,0.5,9532,7155,0.7506294586655476,0.7871380612673101,0.9032731850608476,2377,304,1107,44,922,119.92922830867653,66.0,284.0,0.3699491330043161,0.38139582413729023,0.12789230122002523,0.4657130837189735,0.01851072780816155,0.38788388725283973
E10a,0-8,0.75,2423,285,0.11762278167560875,0.11968633924886504,0.141972761040033,2138,5,54,0,2079,104.54482758620689,67.0,252.20000000000005,0.2972113629016255,0.30169862236076017,0.0023386342376052385,0.025257249766136577,0.0,0.9724041159962582
E10a,16-24,0.75,8596,4609,0.5361796184271754,0.5554909260120986,0.6255234993020009,3987,161,602,5,3219,92.58764397905759,44.0,215.0,0.49676534299553415,0.5135270753216842,0.04038123902683722,0.15099071983947832,0.001254075746175069,0.8073739653875094
E10a,24-32,0.75,6035,3888,0.6442419221209611,0.6636288318144159,0.7388566694283347,2147,114,454,3,1576,77.99775280898876,34.0,176.5999999999999,0.561416568805245,0.577526450766759,0.05309734513274336,0.21145784816022356,0.0013972985561248254,0.7340475081509082
E10a,8-16,0.75,9532,3105,0.32574485942089804,0.3379143936214855,0.39425094418799833,6427,113,537,3,5774,105.57559764048432,55.0,249.0,0.42213420329183354,0.43649898582815244,0.01758207561848452,0.08355375758518749,0.00046678076863233234,0.8983973860276957
E16a,0-8,0.5,2423,1295,0.5344614114733801,0.5650020635575732,0.680973999174577,1128,70,281,4,773,139.90869247626006,81.0,335.20000000000005,0.2409605357130626,0.25215874764228663,0.06205673758865248,0.24911347517730498,0.0035460992907801418,0.6852836879432624
E16a,16-24,0.5,8596,7346,0.8545835272219637,0.885295486272685,0.969637040483946,1250,226,725,38,261,96.71997371879107,51.0,221.0,0.4651789288498821,0.47594587669569394,0.1808,0.58,0.0304,0.2088
E16a,24-32,0.5,6035,5252,0.8702568351284176,0.8967688483844242,0.976139188069594,783,141,479,19,144,81.60883222468588,39.0,183.90000000000055,0.5335600470584094,0.5436126255515044,0.18007662835249041,0.611749680715198,0.024265644955300127,0.1839080459770115
E16a,8-16,0.5,9532,7164,0.751573646663869,0.7850398657154847,0.906105749055812,2368,271,1154,48,895,116.91474007750902,66.0,271.8000000000002,0.3738524431902618,0.38449758212254664,0.11444256756756757,0.4873310810810811,0.02027027027027027,0.3779560810810811
E16a,0-8,0.75,2423,272,0.11225753198514239,0.11803549319026001,0.14238547255468428,2151,14,59,0,2078,134.4825174825175,76.0,328.5,0.2820142905575458,0.29555390553586597,0.006508600650860065,0.027429102742910275,0.0,0.9660622966062297
E16a,16-24,0.75,8596,4654,0.5414146114471847,0.5597952536063285,0.6325034899953467,3942,155,625,3,3159,90.08873649210308,43.0,208.0,0.5049701232510007,0.5213609292405977,0.039320142059868085,0.15854895991882292,0.00076103500761035,0.8013698630136986
E16a,24-32,0.75,6035,3904,0.6468931234465617,0.6646230323115162,0.7386909693454847,2131,106,447,1,1577,77.40388930441287,34.0,173.0,0.5668737473477368,0.5817907839835124,0.04974190520882215,0.20976067573908963,0.0004692632566870014,0.7400281557954013
E16a,8-16,0.75,9532,3169,0.3324590851867394,0.3423206042803189,0.39970625262274445,6363,92,547,2,5722,98.99448360404536,55.0,229.0,0.4326250784601368,0.44473091249644986,0.01445858871601446,0.08596573943108597,0.0003143171460003143,0.8992613547068993
E21a,0-8,0.5,2423,1310,0.540652084193149,0.5617003714403632,0.684275691291787,1113,45,297,6,765,134.49963262307128,83.0,315.0,0.24265858041788715,0.24895254760982383,0.04043126684636118,0.2668463611859838,0.005390835579514825,0.6873315363881402
E21a,16-24,0.5,8596,7368,0.8571428571428571,0.8863424848766869,0.9717310376919498,1228,219,734,32,243,94.84853655335345,50.0,216.19999999999982,0.4708809828971256,0.4808868147311712,0.1783387622149837,0.5977198697068404,0.026058631921824105,0.1978827361563518
E21a,24-32,0.5,6035,5243,0.8687655343827672,0.895940347970174,0.9734879867439934,792,148,468,16,160,81.28796005178472,38.0,178.0,0.5391376367106566,0.5510287079615058,0.18686868686868688,0.5909090909090909,0.020202020202020204,0.20202020202020202
E21a,8-16,0.5,9532,7182,0.753462022660512,0.7854595048258498,0.9057910197230382,2350,258,1147,47,898,115.4863096033124,66.0,267.40000000000055,0.374690392425321,0.3843824642275848,0.1097872340425532,0.48808510638297875,0.02,0.3821276595744681
E21a,0-8,0.75,2423,302,0.12463887742468015,0.12835328105654148,0.1522905489063145,2121,9,58,0,2054,117.2250803858521,70.0,281.0,0.28827970824241816,0.29609753287108986,0.004243281471004243,0.027345591702027345,0.0,0.9684111268269684
E21a,16-24,0.75,8596,4588,0.5337366216845044,0.552349930200093,0.6195905072126571,4008,156,578,4,3270,90.46335299073294,44.0,203.0,0.5074797092226672,0.5242308476140927,0.038922155688622756,0.1442115768463074,0.000998003992015968,0.8158682634730539
E21a,24-32,0.75,6035,3856,0.6389395194697597,0.6581607290803645,0.7290803645401823,2179,113,428,3,1635,76.05110775427995,33.0,168.9000000000001,0.5768640577397274,0.5933715131316327,0.051858650757228085,0.1964203763194126,0.0013767783386874712,0.7503441945846718
E21a,8-16,0.75,9532,3224,0.33822912295425933,0.34913973982375157,0.4067352077213596,6308,98,549,6,5655,103.73167067307692,57.0,243.0,0.42292164019772827,0.43507046909889013,0.015535827520608751,0.08703233988585922,0.0009511731135066582,0.8964806594800253
