model,mode,class,AP50_95,AP50,AP75,AP_small,AP_medium,AP_large,Precision_conf025_iou05,Recall_conf025_iou05
e1,full,pedestrian,0.318576065311967,0.6317608571319556,0.2733333400814642,0.28660049625376355,0.5093904173530085,0.7387026560840605,0.6925531914893617,0.5888738127544098
e1,full,people,0.22010139266716514,0.5028721682435642,0.15029440943217387,0.21196322510623092,0.3202131583731595,0.32442244224422445,0.6246124493202957,0.5110243902439024
e1,full,bicycle,0.1547936932268687,0.30495660534574565,0.13083475140704467,0.1168725938456449,0.32053790997319953,0.3227722772277228,0.41058394160583944,0.34965034965034963
e1,full,car,0.6298381756405402,0.8702494703112397,0.7127711852896086,0.47888549289067023,0.7426544355573462,0.8524888044775487,0.7864246964608628,0.8658276450511946
e1,full,van,0.34645774265052837,0.46860536664377617,0.3991061462525765,0.20020685993256881,0.4829566852826139,0.45865470168912653,0.5981682884945622,0.529113924050633
e1,full,truck,0.3114819140672018,0.4547700973244777,0.3435401750487844,0.1422285766451733,0.34874087593082276,0.6684773730982634,0.6243194192377496,0.45866666666666667
e1,full,tricycle,0.2197477069107079,0.3684333019813764,0.2291820902219523,0.1755963231492407,0.2902840986390858,0.4170174833723927,0.5182998819362455,0.4200956937799043
e1,full,awning-tricycle,0.11607821313495265,0.17853699847993143,0.12978739907867606,0.0928553097790357,0.15025482292702702,0.18712871287128707,0.3948220064724919,0.22932330827067668
e1,full,bus,0.487058781396313,0.6590094571884617,0.5672549899824707,0.27944267703192466,0.5882731607471325,0.8222183980997569,0.8082901554404145,0.6215139442231076
e1,full,motor,0.3087634536103601,0.6218883060083761,0.2605207747573532,0.2787283440668632,0.43668825983846243,0.2778847884788479,0.6290518638573744,0.6354891526811297
e1,proxy_top1_standard,pedestrian,0.34069296964748874,0.6780438609496282,0.28888885465152464,0.31339573449766045,0.5016709315448485,0.749416558152196,0.6589095744680851,0.6723202170963365
e1,proxy_top1_standard,people,0.22676848476223643,0.5335383725138255,0.14779406625611566,0.2199649488716488,0.3129655556124778,0.35940594059405945,0.6123110151187905,0.5531707317073171
e1,proxy_top1_standard,bicycle,0.17439500484872775,0.3501343259310945,0.1438550665086509,0.14029787180699352,0.32326343967579046,0.3227722772277228,0.4009216589861751,0.40559440559440557
e1,proxy_top1_standard,car,0.6403612429666931,0.8863092216026802,0.7193667048000346,0.4981328286476961,0.7463139630085148,0.8507954649548922,0.7744481440374892,0.8930602957906713
e1,proxy_top1_standard,van,0.3743886279984728,0.5088757353245149,0.43477392219153477,0.24036438157286746,0.5010542045707354,0.45465258866465286,0.5562530178657653,0.5832911392405064
e1,proxy_top1_standard,truck,0.33678015337936507,0.4934879516603754,0.36586782243212773,0.18222622578242448,0.36755057746159064,0.6576951172511407,0.5314591700133868,0.5293333333333333
e1,proxy_top1_standard,tricycle,0.23933702604380036,0.4076386256430953,0.24598714348985107,0.20612120639784512,0.29758673810089153,0.39918647596466966,0.48262910798122066,0.49186602870813395
e1,proxy_top1_standard,awning-tricycle,0.13933172108117026,0.21251212896352448,0.1552312849311207,0.1172891248800362,0.17055819234019615,0.18712871287128707,0.3811881188118812,0.2894736842105263
e1,proxy_top1_standard,bus,0.5172176481772247,0.7050236289864199,0.5955407170913493,0.33081919502654866,0.6025935239485816,0.8194755487983949,0.7623318385650224,0.6772908366533864
e1,proxy_top1_standard,motor,0.322544712816864,0.6509408646080619,0.27387918441239173,0.2949038629092142,0.4365903779425153,0.24215464403583215,0.6026978417266187,0.6858370855505526
e1,oracle_utility_top1_standard,pedestrian,0.3434044544908372,0.680900901931268,0.3007110578860099,0.31608747597241693,0.5023933984832288,0.7205775213968801,0.7069345748591032,0.6524197195838987
e1,oracle_utility_top1_standard,people,0.23195899175419896,0.5415598842528524,0.15740277107467415,0.22552257849332197,0.3151523372596733,0.35940594059405945,0.6473152822395595,0.550439024390244
e1,oracle_utility_top1_standard,bicycle,0.17012156954184993,0.341216827451427,0.1428068003073705,0.13617586881192784,0.3185971114974662,0.3227722772277228,0.4110032362459547,0.3947163947163947
e1,oracle_utility_top1_standard,car,0.6380817987229569,0.8851102189610305,0.722432672585452,0.49845403911801345,0.7428012130664172,0.8524793259534378,0.795049630949351,0.888438566552901
e1,oracle_utility_top1_standard,van,0.37207942072445827,0.5059023703229687,0.4319701116966901,0.23900620344477527,0.4991085837100309,0.4616795318236871,0.5888773388773388,0.5736708860759494
e1,oracle_utility_top1_standard,truck,0.3337609976405657,0.4877373009150827,0.36049523718622656,0.17705901706638785,0.369333999940115,0.6482883577104146,0.5819295558958653,0.5066666666666667
e1,oracle_utility_top1_standard,tricycle,0.2374638269872463,0.40314758381768906,0.24172024010948812,0.19862499078532406,0.29965998227297924,0.39928427842784275,0.5160955347871236,0.4755980861244019
e1,oracle_utility_top1_standard,awning-tricycle,0.13367604214870865,0.20550353358502635,0.14700646383385896,0.11149200273179703,0.16640113716459826,0.2333333333333333,0.39660056657223797,0.2631578947368421
e1,oracle_utility_top1_standard,bus,0.511276835589951,0.7049919258699887,0.5822228768430401,0.3194992471977737,0.6009777426186499,0.8194215285586914,0.7912621359223301,0.649402390438247
e1,oracle_utility_top1_standard,motor,0.3248622409923894,0.6531316553579672,0.27922527057215335,0.29729275429316276,0.4338616405677698,0.24215464403583215,0.6348684210526315,0.6715104379860827
e1,proxy_top2_standard,pedestrian,0.3500431924704435,0.6914400925174004,0.2983510579769311,0.32272363114804764,0.5057051555466109,0.749416558152196,0.6349530420579829,0.7033016734509272
e1,proxy_top2_standard,people,0.2336171610237931,0.544828225544074,0.15316290671563407,0.22771364558698567,0.3076691785134671,0.35940594059405945,0.5973630831643002,0.5746341463414634
e1,proxy_top2_standard,bicycle,0.18302501480159097,0.36550193695459354,0.15485667278952284,0.14825508487888292,0.33382207602358044,0.3227722772277228,0.38085539714867617,0.4358974358974359
e1,proxy_top2_standard,car,0.644774347110627,0.8891057170301229,0.7261428695015907,0.503439202314613,0.7506174994248224,0.8510657020491127,0.7580077542499254,0.9035836177474402
e1,proxy_top2_standard,van,0.38472314456819334,0.5218375252768791,0.44828593614351864,0.25255464067658656,0.5112580940331966,0.45931567574253024,0.5395390872119296,0.6045569620253165
e1,proxy_top2_standard,truck,0.3459802093779214,0.5033099646642616,0.3787696472863555,0.1909980259910252,0.3879656854241492,0.6370416049140412,0.4947245017584994,0.5626666666666666
e1,proxy_top2_standard,tricycle,0.24119021470299895,0.4117554985589054,0.2473677410004419,0.20495719181608646,0.30224024817420725,0.39852539447190494,0.4568006843455945,0.5110047846889952
e1,proxy_top2_standard,awning-tricycle,0.14274918489340557,0.21917982952961798,0.15558474316322102,0.12070352858059748,0.17436330389103344,0.18712871287128707,0.3707093821510298,0.30451127819548873
e1,proxy_top2_standard,bus,0.5207218489835793,0.7104975936790606,0.5952449482001941,0.35460996025869973,0.5861259547675646,0.8195943723518377,0.7219917012448133,0.6932270916334662
e1,proxy_top2_standard,motor,0.32932237465884756,0.6624306140289202,0.2788055539936556,0.30287170221581994,0.43988363975627176,0.24215464403583215,0.5845842469219092,0.7093737208350389
e1,oracle_utility_top2_standard,pedestrian,0.3500467462670081,0.6900923440992641,0.3093589983940211,0.32360068614306,0.5060639341011366,0.7167616851094186,0.6893371757925072,0.676164631388512
e1,oracle_utility_top2_standard,people,0.23666255894996358,0.5496979685151953,0.15997036591313393,0.23092029718447302,0.31095159469750705,0.35940594059405945,0.6343804537521816,0.5674146341463414
e1,oracle_utility_top2_standard,bicycle,0.17655803295047304,0.3519115149513471,0.1531285352412813,0.1422038949391356,0.32415348540861194,0.3227722772277228,0.3973313565604151,0.41647241647241645
e1,oracle_utility_top2_standard,car,0.6416007689964139,0.88728678556589,0.7272259069995443,0.5030532811690303,0.7461324729357848,0.8540597324954152,0.7875696313450585,0.8946956769055745
e1,oracle_utility_top2_standard,van,0.3781780345679977,0.5104214770485521,0.4379438236108301,0.24385584638644753,0.5068557306210703,0.4661367534335827,0.5738354806739346,0.5863291139240506
e1,oracle_utility_top2_standard,truck,0.33959107078570727,0.4967744580114322,0.36879392709563014,0.18156415527390823,0.3796761832366578,0.6398343962333445,0.553072625698324,0.528
e1,oracle_utility_top2_standard,tricycle,0.24540265798720876,0.4132137186555189,0.2536530545904324,0.20230391209247034,0.3129570228968279,0.39753782477639243,0.5038986354775828,0.49473684210526314
e1,oracle_utility_top2_standard,awning-tricycle,0.1406048510804417,0.21461363451086662,0.15491469844403638,0.11584248435490815,0.17293715091660256,0.2267326732673267,0.38642297650130547,0.2781954887218045
e1,oracle_utility_top2_standard,bus,0.5205863887384153,0.7153207282034135,0.5981254091600666,0.3455520826398903,0.5967379701751404,0.8160763959685093,0.7788018433179723,0.6733067729083665
e1,oracle_utility_top2_standard,motor,0.32891467459747636,0.658969495236402,0.2850288364370113,0.30095414422455896,0.4393519000650069,0.24215464403583215,0.6223943921785648,0.6905444126074498
e1,proxy_b1p50_standard,pedestrian,0.3484707741882911,0.6886695552612723,0.2978621595692279,0.321998861823852,0.5034086091436222,0.721071341349768,0.6389146806974105,0.7002487562189055
e1,proxy_b1p50_standard,people,0.2329358419910954,0.5429788832323987,0.15187121859829414,0.2269535746441614,0.3102740521904604,0.35940594059405945,0.602051282051282,0.5726829268292682
e1,proxy_b1p50_standard,bicycle,0.18261845890226308,0.3638987715506488,0.15405621635277703,0.1475431719340995,0.3334397882117986,0.3227722772277228,0.3835051546391753,0.43356643356643354
e1,proxy_b1p50_standard,car,0.6440266075822602,0.8889922564994236,0.7259043562030514,0.503131980970642,0.749236664944431,0.8513119904696003,0.760614056128568,0.9018771331058021
e1,proxy_b1p50_standard,van,0.38106370929334443,0.5187781390124517,0.44376149460976316,0.251357831540147,0.5061374084486324,0.44589640201697345,0.541743119266055,0.5979746835443038
e1,proxy_b1p50_standard,truck,0.3393342826269229,0.493701880681918,0.37063352939979816,0.1815921903184894,0.38028360983880183,0.639446876594405,0.4993894993894994,0.5453333333333333
e1,proxy_b1p50_standard,tricycle,0.2417719573146761,0.4130983129195964,0.2458283685681412,0.20363237298606168,0.3037749543182291,0.3987260149091832,0.46013864818024264,0.508133971291866
e1,proxy_b1p50_standard,awning-tricycle,0.1407291546736526,0.21712910052260004,0.15331577603373595,0.11911412813053103,0.17319200178486813,0.18712871287128707,0.371824480369515,0.3026315789473684
e1,proxy_b1p50_standard,bus,0.518676032223623,0.7099941801309303,0.5921762887447041,0.34877827563703806,0.5866646213641791,0.8195943723518377,0.7341772151898734,0.6932270916334662
e1,proxy_b1p50_standard,motor,0.32776568172322806,0.6598320442693144,0.2774704119273375,0.3014830462284923,0.43923101785938035,0.24215464403583215,0.5864354920958694,0.7060990585345887
e1,oracle_utility_b1p50_standard,pedestrian,0.35069202905897057,0.6912788414753104,0.3112703135743443,0.3242872993159525,0.5033974032928955,0.7203481616972768,0.6997401370186629,0.6698326549072817
e1,oracle_utility_b1p50_standard,people,0.23653363459470206,0.5493621071499343,0.16308113724525106,0.23103981327748024,0.3110904207726755,0.35940594059405945,0.6460573476702509,0.5627317073170731
e1,oracle_utility_b1p50_standard,bicycle,0.1742395298428858,0.350981026324109,0.14682550094502209,0.1403767475334149,0.320885002310029,0.3227722772277228,0.40863531225905936,0.41181041181041184
e1,oracle_utility_b1p50_standard,car,0.6415964368429183,0.8872342906180399,0.7273003791246776,0.503197974800134,0.7452374224302115,0.8532294706399518,0.7909085185418372,0.893202502844141
e1,oracle_utility_b1p50_standard,van,0.37621462186650334,0.5115001780168643,0.4367493757675305,0.24396004576104127,0.5023818332068537,0.4631880746643993,0.5825292026409344,0.5807594936708861
e1,oracle_utility_b1p50_standard,truck,0.33838409559993055,0.4967935226809708,0.36804246058623424,0.18144604400425338,0.3761384273834725,0.644905972057408,0.5687409551374819,0.524
e1,oracle_utility_b1p50_standard,tricycle,0.24205029675121467,0.41110851622998384,0.2495001311419111,0.20144317258681443,0.3069557567514322,0.39748895653221955,0.5150905432595574,0.48995215311004786
e1,oracle_utility_b1p50_standard,awning-tricycle,0.1374560708888493,0.20940868698998877,0.1514719265495168,0.11203403546274379,0.1706471846245089,0.2333333333333333,0.3961218836565097,0.26879699248120303
e1,oracle_utility_b1p50_standard,bus,0.5212324642915847,0.7169908231784207,0.5989827491678518,0.3431270932863459,0.5976413103916571,0.8160763959685093,0.7897196261682243,0.6733067729083665
e1,oracle_utility_b1p50_standard,motor,0.3294977916015099,0.6591714483021079,0.2845251206791162,0.3017499482876793,0.43851143668333825,0.24215464403583215,0.6309321232747211,0.6829717560376586
e1,proxy_b1p50_oracle_validity,pedestrian,0.37315035077622016,0.7426070417262164,0.31515183547778824,0.3489955072112264,0.5148560338213712,0.721071341349768,0.7568336425479283,0.6918815015829941
e1,proxy_b1p50_oracle_validity,people,0.2530483894120805,0.5872425057270313,0.1644157060343956,0.2480970423611607,0.3219182413907769,0.35940594059405945,0.6804705882352942,0.5642926829268292
e1,proxy_b1p50_oracle_validity,bicycle,0.20330207229531763,0.4081575152978093,0.16871825087508702,0.17139490397963253,0.3440700862519265,0.3227722772277228,0.475,0.4281274281274281
e1,proxy_b1p50_oracle_validity,car,0.654318208966178,0.9061403056934374,0.735845699437791,0.5228025990329733,0.7547229549277743,0.8515422683944629,0.8135658665293777,0.8988907849829352
e1,proxy_b1p50_oracle_validity,van,0.40568649497893394,0.5548544102882631,0.4743102517360761,0.2800849744551293,0.5325060871136164,0.4576867421661543,0.6360691144708424,0.5964556962025317
e1,proxy_b1p50_oracle_validity,truck,0.3796879445421477,0.5622890128127115,0.410748888794395,0.24524391846726953,0.4133395005734334,0.6673112248006302,0.6716417910447762,0.54
e1,proxy_b1p50_oracle_validity,tricycle,0.2763180398017531,0.4726330256135757,0.2791790268573671,0.24725886113581325,0.3318743691491742,0.3994953258483743,0.5761226725082147,0.5033492822966508
e1,proxy_b1p50_oracle_validity,awning-tricycle,0.17225248574458193,0.2699440605774155,0.18562124404631258,0.1528059368726186,0.20268457978571283,0.18712871287128707,0.4680232558139535,0.3026315789473684
e1,proxy_b1p50_oracle_validity,bus,0.5360577099397884,0.7391146354350564,0.605212159479722,0.38348515927173743,0.5970551909543467,0.8195943723518377,0.8277511961722488,0.6892430278884463
e1,proxy_b1p50_oracle_validity,motor,0.3524800827328125,0.7101779696669219,0.29588047566719883,0.3296762085844258,0.45493243087655866,0.24215464403583215,0.6726132130954715,0.702210397052804
e1,oracle_utility_b1p50_oracle_validity,pedestrian,0.3631633663591246,0.7164557425040696,0.32075093208790273,0.3372333320622125,0.5162299340661469,0.721071341349768,0.7507350121436789,0.6640660334690185
e1,oracle_utility_b1p50_oracle_validity,people,0.24682269078793564,0.5686961406620905,0.1712128302819776,0.2412724084391551,0.3212254500010871,0.35940594059405945,0.6782567277923315,0.5557073170731708
e1,oracle_utility_b1p50_oracle_validity,bicycle,0.18667913258984473,0.3761943014846226,0.1555198661851372,0.15439090855163978,0.3302419123131664,0.3227722772277228,0.46099290780141844,0.40404040404040403
e1,oracle_utility_b1p50_oracle_validity,car,0.6479181580603032,0.8962202182189183,0.7338797622947818,0.5131963486885125,0.7502364691676916,0.8557452018884846,0.8133679428942245,0.8912116040955631
e1,oracle_utility_b1p50_oracle_validity,van,0.38970135171984166,0.5300760863993625,0.4518261985166623,0.25881709255210406,0.5137325423741934,0.4871308260548857,0.6296092460099064,0.579240506329114
e1,oracle_utility_b1p50_oracle_validity,truck,0.3632622192984779,0.5366941539993165,0.3944247713600674,0.22280140861797657,0.39700045497079733,0.6624844639438059,0.6643952299829642,0.52
e1,oracle_utility_b1p50_oracle_validity,tricycle,0.2585566209688067,0.43898238034182246,0.2666318638247189,0.2210592626935811,0.32313277597214685,0.3994953258483743,0.566815144766147,0.48708133971291867
e1,oracle_utility_b1p50_oracle_validity,awning-tricycle,0.15103886596940524,0.234242899158752,0.16567022525983516,0.12608943814678442,0.18462179052668767,0.2333333333333333,0.4386503067484663,0.26879699248120303
e1,oracle_utility_b1p50_oracle_validity,bus,0.5298888836908922,0.7311392023067398,0.6055903253266133,0.357077294990831,0.6051396345258325,0.8160763959685093,0.8325123152709359,0.6733067729083665
e1,oracle_utility_b1p50_oracle_validity,motor,0.34143562799458227,0.6830366620422788,0.2940015941318682,0.3145221829217295,0.45105167846256394,0.24215464403583215,0.6674703636728954,0.6799017601309865
