model,match_type,scale,metric,n,mean,std,median,p25,p75,p90,min,max
REF,oracle_best_same_class_nonexclusive,small,best_iou,26586,0.6288572405741786,0.28157064100144696,0.7304651752918201,0.5658494711068458,0.8192884727261863,0.8770371892866144,0.0,0.9843950109971722
REF,oracle_best_same_class_nonexclusive,small,score,26518,0.4115175214007589,0.2752236246037769,0.44942329823970795,0.12499067187309265,0.662549614906311,0.7539464652538299,0.0010013770079240203,0.931430459022522
REF,oracle_best_same_class_nonexclusive,small,abs_center_dx_over_w,26518,3.9398818814440575,16.402367055400386,0.058757662816044574,0.024294853209956245,0.13831103726926286,4.057652588498392,4.9906012645560785e-06,413.4244274686958
REF,oracle_best_same_class_nonexclusive,small,abs_center_dy_over_h,26518,2.0410339039706304,8.271088999838744,0.049624985022934984,0.020751301797104688,0.1185122132053774,2.2179937735086943,2.191999066016879e-06,155.87767568674604
REF,oracle_best_same_class_nonexclusive,small,center_dx_over_w,26518,0.1462993654332273,16.86828120335587,0.015753831198299484,-0.03853913623948549,0.07451602394168284,0.21326688139124755,-329.576362020999,413.4244274686958
REF,oracle_best_same_class_nonexclusive,small,center_dy_over_h,26518,1.7126289141763367,8.3452761993081,0.010572741121699697,-0.03307912159069023,0.06838940160892946,0.6699001913313211,-74.38229904459014,155.87767568674604
REF,oracle_best_same_class_nonexclusive,small,abs_log_w_ratio,26518,0.23607192490764925,0.35332624370337257,0.1203164914204646,0.05075308361411493,0.25567293717521034,0.5447587170512026,2.117021058615334e-05,3.36362910011505
REF,oracle_best_same_class_nonexclusive,small,abs_log_h_ratio,26518,0.19607815189763209,0.32793114469807694,0.0933672357679819,0.04070429774654613,0.19251140378916098,0.42682988994427773,7.096799375676929e-06,3.350171654759997
REF,oracle_best_same_class_nonexclusive,small,log_w_ratio,26518,0.14860763958560147,0.39810194382335506,0.058158811841993174,-0.041750765552821714,0.20868681454858226,0.5071815009856415,-1.5661159902841344,3.36362910011505
REF,oracle_best_same_class_nonexclusive,small,log_h_ratio,26518,0.12122930401979494,0.3623381475382603,0.03652679426009696,-0.046579830259773976,0.15097003927603897,0.40742826138480326,-1.5849612297502067,3.350171654759997
REF,oracle_best_same_class_nonexclusive,small,abs_left_error_over_w,26518,3.9736748071713213,16.43628124927784,0.07790361535204626,0.031857672495669544,0.1908754178077369,4.1841810779155715,0.0,406.49730784344433
REF,oracle_best_same_class_nonexclusive,small,abs_right_error_over_w,26518,3.965042632121499,16.37693859522786,0.08288550976747756,0.0336122973230122,0.20780410780161926,4.242000595019713,0.0,420.35154709394726
REF,oracle_best_same_class_nonexclusive,small,abs_top_error_over_h,26518,1.9501049451062866,7.815866220434932,0.0598708402294112,0.024056007913572798,0.1508081135727727,2.1009870057087374,0.0,150.2776464161413
REF,oracle_best_same_class_nonexclusive,small,abs_bottom_error_over_h,26518,2.1660104730614576,8.729234707061657,0.06504544584482475,0.027407491024818823,0.15918454419769498,2.2893246627063797,0.0,168.92598051838874
REF,oracle_best_same_class_nonexclusive,small,left_error_over_w,26518,-0.009839545238014197,16.9097999976895,-0.004402398982842718,-0.09080399163717628,0.0669145482395536,0.1955379136602341,-335.2427506762324,406.49730784344433
REF,oracle_best_same_class_nonexclusive,small,right_error_over_w,26518,0.3024382761044689,16.847379971839885,0.034458658952218696,-0.03268729011726612,0.13223601317048747,0.40105565989360875,-323.90997336576567,420.35154709394726
REF,oracle_best_same_class_nonexclusive,small,top_error_over_h,26518,1.584719310168362,7.898059178092004,0.0015843271755471454,-0.05441716967823653,0.06647831136116145,0.5542008163021858,-74.58764600908427,150.2776464161413
REF,oracle_best_same_class_nonexclusive,small,bottom_error_over_h,26518,1.8405385181843115,8.803610503847931,0.022510583462668647,-0.0332925234531253,0.10758592241048251,0.8444339144821469,-74.176952080096,168.92598051838874
REF,oracle_best_same_class_nonexclusive,small,fraction_iou_ge_0.50,26586,0.7948920484465508,,,,,,,
REF,oracle_best_same_class_nonexclusive,small,fraction_iou_ge_0.55,26586,0.7626946513202437,,,,,,,
REF,oracle_best_same_class_nonexclusive,small,fraction_iou_ge_0.60,26586,0.7183856164898819,,,,,,,
REF,oracle_best_same_class_nonexclusive,small,fraction_iou_ge_0.65,26586,0.6554201459414729,,,,,,,
REF,oracle_best_same_class_nonexclusive,small,fraction_iou_ge_0.70,26586,0.5683442413300234,,,,,,,
REF,oracle_best_same_class_nonexclusive,small,fraction_iou_ge_0.75,26586,0.44752877454299256,,,,,,,
REF,oracle_best_same_class_nonexclusive,small,fraction_iou_ge_0.80,26586,0.3065899345520199,,,,,,,
REF,oracle_best_same_class_nonexclusive,small,fraction_iou_ge_0.85,26586,0.16448506732866922,,,,,,,
REF,oracle_best_same_class_nonexclusive,small,fraction_iou_ge_0.90,26586,0.057323403294967275,,,,,,,
REF,oracle_best_same_class_nonexclusive,small,fraction_iou_ge_0.95,26586,0.0067328669224403824,,,,,,,
REF,oracle_best_same_class_nonexclusive,medium,best_iou,11105,0.7888589981531999,0.24674735793936753,0.8735501766273025,0.7784496767453714,0.9265362244567921,0.952938288830333,0.0,0.9923303966892116
REF,oracle_best_same_class_nonexclusive,medium,score,11065,0.6561572407611124,0.2642950878244496,0.7708011865615845,0.573194146156311,0.8423987627029419,0.8739035725593567,0.001035213004797697,0.9357328414916992
REF,oracle_best_same_class_nonexclusive,medium,abs_center_dx_over_w,11065,0.4924148223696579,2.4220613042623707,0.01933065281069339,0.007942646759262208,0.05027245957668522,0.13843455136906918,2.6472121510314454e-07,38.465519051603145
REF,oracle_best_same_class_nonexclusive,medium,abs_center_dy_over_h,11065,0.3083410467796153,1.4840681109856069,0.02110270390227784,0.008351215034451203,0.04857804680741033,0.12768182049879054,3.879336137702791e-06,35.49352033039722
REF,oracle_best_same_class_nonexclusive,medium,center_dx_over_w,11065,-0.03900460426379481,2.4713016731554047,0.004236147529989701,-0.014029766668114731,0.02419672653609564,0.06933140842581573,-38.465519051603145,32.85341104320968
REF,oracle_best_same_class_nonexclusive,medium,center_dy_over_h,11065,0.012357063403351047,1.5157109428111886,0.0005059890975253904,-0.020124796324276818,0.021915907019312297,0.05918137115146958,-23.716760385827463,35.49352033039722
REF,oracle_best_same_class_nonexclusive,medium,abs_log_w_ratio,11065,0.10016681978704163,0.18594631167894057,0.04197956169561006,0.01691028060901941,0.10246446659435735,0.22509325779571954,1.2660649832862202e-06,2.336689443038459
REF,oracle_best_same_class_nonexclusive,medium,abs_log_h_ratio,11065,0.09228932267276349,0.16287974037690015,0.043211742691335556,0.01815902927926092,0.0963492257627853,0.2034591544171302,7.2923757823630784e-06,2.1320161699513105
REF,oracle_best_same_class_nonexclusive,medium,log_w_ratio,11065,-0.008721550297335838,0.21102928037043206,0.0043036505938065656,-0.040032872257782647,0.04321263868060529,0.11572943939488842,-2.336689443038459,2.0500045061931367
REF,oracle_best_same_class_nonexclusive,medium,log_h_ratio,11065,0.00398923277321669,0.18716627614643871,0.004489255474372264,-0.040206200964621616,0.04568505163201372,0.11700614925310218,-2.1320161699513105,1.9636681535283032
REF,oracle_best_same_class_nonexclusive,medium,abs_left_error_over_w,11065,0.5028057570572465,2.4276776617400353,0.024088871495201572,0.009878900192765123,0.0639594660843713,0.20152400479772428,0.0,39.060619467435544
REF,oracle_best_same_class_nonexclusive,medium,abs_right_error_over_w,11065,0.502987955123007,2.4183987358972123,0.025443239107671496,0.010050471948008845,0.06488470203445948,0.19147773357369946,0.0,37.870418635770754
REF,oracle_best_same_class_nonexclusive,medium,abs_top_error_over_h,11065,0.3013649950810616,1.4069722592700853,0.02480307645549599,0.010336284005638473,0.06092444213465547,0.17772845917751143,0.0,32.430812176798106
REF,oracle_best_same_class_nonexclusive,medium,abs_bottom_error_over_h,11065,0.3353029197869265,1.5633381287645551,0.02842606059048459,0.012453263082056704,0.06611545200272471,0.1816575078705503,0.0,38.556228483996335
REF,oracle_best_same_class_nonexclusive,medium,left_error_over_w,11065,-0.04554782240735893,2.4787815261768076,0.001300227546831862,-0.022223074815740186,0.02622757317132564,0.09213955085029127,-39.060619467435544,32.82491305819373
REF,oracle_best_same_class_nonexclusive,medium,right_error_over_w,11065,-0.032461386120230674,2.469938377206851,0.0065914596083114915,-0.015551408999877234,0.03220047236800192,0.08613143406501453,-37.870418635770754,32.881909028225635
REF,oracle_best_same_class_nonexclusive,medium,top_error_over_h,11065,0.0007210816820557795,1.4388854293017859,-0.0017592672595336484,-0.026739817511302003,0.023152108576379126,0.07461282556597319,-23.497192715783033,32.430812176798106
REF,oracle_best_same_class_nonexclusive,medium,bottom_error_over_h,11065,0.0239930451246463,1.5987115082629342,0.0020104538531209915,-0.02556367571792088,0.03101152840736185,0.08243066030232733,-23.936328055871893,38.556228483996335
REF,oracle_best_same_class_nonexclusive,medium,fraction_iou_ge_0.50,11105,0.9095002251238181,,,,,,,
REF,oracle_best_same_class_nonexclusive,medium,fraction_iou_ge_0.55,11105,0.9035569563259793,,,,,,,
REF,oracle_best_same_class_nonexclusive,medium,fraction_iou_ge_0.60,11105,0.8942818550202611,,,,,,,
REF,oracle_best_same_class_nonexclusive,medium,fraction_iou_ge_0.65,11105,0.8746510580819451,,,,,,,
REF,oracle_best_same_class_nonexclusive,medium,fraction_iou_ge_0.70,11105,0.8443944169293112,,,,,,,
REF,oracle_best_same_class_nonexclusive,medium,fraction_iou_ge_0.75,11105,0.7924358397118415,,,,,,,
REF,oracle_best_same_class_nonexclusive,medium,fraction_iou_ge_0.80,11105,0.7102206213417379,,,,,,,
REF,oracle_best_same_class_nonexclusive,medium,fraction_iou_ge_0.85,11105,0.5824403421882035,,,,,,,
REF,oracle_best_same_class_nonexclusive,medium,fraction_iou_ge_0.90,11105,0.3887438090950022,,,,,,,
REF,oracle_best_same_class_nonexclusive,medium,fraction_iou_ge_0.95,11105,0.11715443493921657,,,,,,,
REF,oracle_best_same_class_nonexclusive,large,best_iou,1068,0.8614206255006465,0.23957554247526716,0.944190127540284,0.8952045240625445,0.9652519171482266,0.9764086293123637,0.0,0.9941207132596908
REF,oracle_best_same_class_nonexclusive,large,score,1064,0.8057236706501457,0.21234041033340734,0.8903241753578186,0.8285184353590012,0.9113267809152603,0.9199628055095672,0.0012701215455308557,0.9726373553276062
REF,oracle_best_same_class_nonexclusive,large,abs_center_dx_over_w,1064,0.17388034741782757,0.847886351979175,0.007937404225001742,0.003290858659617867,0.01981016968873167,0.06438268561440477,4.260047015720543e-06,10.105794411354006
REF,oracle_best_same_class_nonexclusive,large,abs_center_dy_over_h,1064,0.16592671554919458,0.7726947748100362,0.009222832107623976,0.004207331208756207,0.021968637150160703,0.07454212841269499,7.84782992920949e-05,10.355748389169326
REF,oracle_best_same_class_nonexclusive,large,center_dx_over_w,1064,0.008995784503489571,0.8654852494132205,0.0011313038999887345,-0.0065276462701394835,0.00935425511374272,0.027411144251443673,-10.105794411354006,7.534673160101785
REF,oracle_best_same_class_nonexclusive,large,center_dy_over_h,1064,-0.11354965992855494,0.782109560535981,0.0001963899474050417,-0.00914359648175178,0.009414549517742895,0.025037724274261732,-10.355748389169326,4.219017261130694
REF,oracle_best_same_class_nonexclusive,large,abs_log_w_ratio,1064,0.07019295745083876,0.20859911132959277,0.0177055588760586,0.007039174272375592,0.04106568873595183,0.11940504847938374,4.074027238319549e-05,2.057061381057138
REF,oracle_best_same_class_nonexclusive,large,abs_log_h_ratio,1064,0.07576044723109718,0.1995409412584809,0.02020295959785266,0.008165978322344673,0.047428667117194914,0.1434816642705061,4.468669739224868e-05,1.9502014226966096
REF,oracle_best_same_class_nonexclusive,large,log_w_ratio,1064,-0.0339099129062347,0.21746438404916488,0.0030341600849242384,-0.013956782570585306,0.01975835775163808,0.04786333498770455,-2.057061381057138,0.6519525425352918
REF,oracle_best_same_class_nonexclusive,large,log_h_ratio,1064,-0.034333412694665034,0.2106595579975288,0.002212370991081611,-0.018893665698258136,0.021507552563825843,0.053528639549320765,-1.9502014226966096,0.5565431610479543
REF,oracle_best_same_class_nonexclusive,large,abs_left_error_over_w,1064,0.17777467270071137,0.860219253557558,0.010218900835713888,0.00420085101659122,0.025342342482085514,0.08297652116320152,0.0,10.147526363899768
REF,oracle_best_same_class_nonexclusive,large,abs_right_error_over_w,1064,0.17993321762202066,0.8389542375008883,0.010899392560473347,0.0043143263154196785,0.02300766073284193,0.09055241734307282,0.0,10.064062458808246
REF,oracle_best_same_class_nonexclusive,large,abs_top_error_over_h,1064,0.15934853915333805,0.7347498923734449,0.012324409989367636,0.005437393932744285,0.02574117063917694,0.08058104872651754,0.0,9.995400218900572
REF,oracle_best_same_class_nonexclusive,large,abs_bottom_error_over_h,1064,0.18325671461382803,0.8125417270598518,0.012502576560546545,0.004204384660968536,0.029603517643752807,0.11398497866959695,0.0,10.716096559438078
REF,oracle_best_same_class_nonexclusive,large,left_error_over_w,1064,0.017434649866715748,0.8782237934769203,-0.0006557420381738818,-0.010509014981039979,0.009255502698255152,0.02940089162977691,-10.147526363899768,7.8963366327401765
REF,oracle_best_same_class_nonexclusive,large,right_error_over_w,1064,0.0005569191402633977,0.8580325548984615,0.0033715384444434225,-0.00568435876027499,0.014630168501748064,0.033917610074083816,-10.064062458808246,7.173009687463393
REF,oracle_best_same_class_nonexclusive,large,top_error_over_h,1064,-0.1046894900377039,0.7445061933582132,-0.0023713893071076447,-0.014666436751943398,0.009950656859001976,0.025729019978181233,-9.995400218900572,4.4595572788852404
REF,oracle_best_same_class_nonexclusive,large,bottom_error_over_h,1064,-0.12240982981940593,0.8239071035183789,3.662391456565792e-06,-0.010335759678506789,0.01486766598673922,0.03725805776210924,-10.716096559438078,3.978477243376148
REF,oracle_best_same_class_nonexclusive,large,fraction_iou_ge_0.50,1068,0.9269662921348315,,,,,,,
REF,oracle_best_same_class_nonexclusive,large,fraction_iou_ge_0.55,1068,0.9269662921348315,,,,,,,
REF,oracle_best_same_class_nonexclusive,large,fraction_iou_ge_0.60,1068,0.9232209737827716,,,,,,,
REF,oracle_best_same_class_nonexclusive,large,fraction_iou_ge_0.65,1068,0.9157303370786517,,,,,,,
REF,oracle_best_same_class_nonexclusive,large,fraction_iou_ge_0.70,1068,0.9063670411985019,,,,,,,
REF,oracle_best_same_class_nonexclusive,large,fraction_iou_ge_0.75,1068,0.8885767790262172,,,,,,,
REF,oracle_best_same_class_nonexclusive,large,fraction_iou_ge_0.80,1068,0.8698501872659176,,,,,,,
REF,oracle_best_same_class_nonexclusive,large,fraction_iou_ge_0.85,1068,0.8267790262172284,,,,,,,
REF,oracle_best_same_class_nonexclusive,large,fraction_iou_ge_0.90,1068,0.7368913857677902,,,,,,,
REF,oracle_best_same_class_nonexclusive,large,fraction_iou_ge_0.95,1068,0.4410112359550562,,,,,,,
A,oracle_best_same_class_nonexclusive,small,best_iou,26586,0.6305538539895896,0.28117716010490207,0.7305808955156521,0.5698423205371203,0.8199812869998324,0.878649494215409,0.0,0.9893263452642662
A,oracle_best_same_class_nonexclusive,small,score,26520,0.41891303915226413,0.27663123772946774,0.46393610537052155,0.13086944073438644,0.6685975790023804,0.7639181971549989,0.0010112295858561993,0.9376164674758911
A,oracle_best_same_class_nonexclusive,small,abs_center_dx_over_w,26520,4.051387779127357,16.995001025706795,0.05847839147029426,0.024342556344268153,0.1376741420188399,4.296955902085445,1.4474005301101144e-05,329.6516957310657
A,oracle_best_same_class_nonexclusive,small,abs_center_dy_over_h,26520,1.9403209841305573,7.8982253855599485,0.04845963292082579,0.020206844028373118,0.11719420493324356,2.025059894207147,3.6470965588844627e-06,176.96560556774904
A,oracle_best_same_class_nonexclusive,small,center_dx_over_w,26520,0.4176737143495218,17.466234610498596,0.01537889929487719,-0.03881476012901591,0.07431973270002196,0.20974840171098164,-329.6516957310657,328.2231802909521
A,oracle_best_same_class_nonexclusive,small,center_dy_over_h,26520,1.6990155789592023,7.9536253259136425,0.009931729725781942,-0.033090196041665264,0.06721752560381636,0.7052280407703923,-57.099200833774894,176.96560556774904
A,oracle_best_same_class_nonexclusive,small,abs_log_w_ratio,26520,0.23245667577753548,0.34843270704445395,0.1192204470389103,0.050918079768234564,0.2505321253962429,0.5288382355368344,2.050318782325911e-05,3.358390365304579
A,oracle_best_same_class_nonexclusive,small,abs_log_h_ratio,26520,0.19333173513038712,0.32184327132858465,0.09233655584490738,0.0398792568290724,0.19042781316529095,0.4167071329532652,1.7476117827693818e-06,3.213979819391155
A,oracle_best_same_class_nonexclusive,small,log_w_ratio,26520,0.1417861385933852,0.3941296085739384,0.054828096531598,-0.046266511820611075,0.20013316681832594,0.4944483842684187,-1.6807936507690653,3.358390365304579
A,oracle_best_same_class_nonexclusive,small,log_h_ratio,26520,0.11639691204970055,0.3569481894803577,0.03311581765392485,-0.047646088662492043,0.14712774661030426,0.39185648265251244,-2.429742498647731,3.213979819391155
A,oracle_best_same_class_nonexclusive,small,abs_left_error_over_w,26520,4.073022952664615,16.99450601663665,0.07754712498071831,0.032265287638554636,0.18625682004637675,4.452786234144547,0.0,335.37901456767895
A,oracle_best_same_class_nonexclusive,small,abs_right_error_over_w,26520,4.086806371295455,17.001924672993646,0.08234425540989473,0.03352525546598257,0.20407124821028777,4.389323598507039,0.0,333.22408726731794
A,oracle_best_same_class_nonexclusive,small,abs_top_error_over_h,26520,1.8536387089984327,7.472731532320527,0.05868230116913942,0.023435579546808215,0.15049918162373968,1.8919389319211395,0.0,166.43981698752427
A,oracle_best_same_class_nonexclusive,small,abs_bottom_error_over_h,26520,2.060785102344994,8.32484415697301,0.06407487967637543,0.02686344458537706,0.15944857102101645,2.121231968547578,0.0,187.49139414797378
A,oracle_best_same_class_nonexclusive,small,left_error_over_w,26520,0.26852502695571484,17.47371297212846,-0.0030145565337419576,-0.08943582443466776,0.06841886056316741,0.19429329111295018,-335.37901456767895,323.2222733145863
A,oracle_best_same_class_nonexclusive,small,right_error_over_w,26520,0.5668224017433289,17.477017516369692,0.03193404106583726,-0.036050972819532096,0.12891724546943584,0.3794829532984309,-323.92437689445245,333.22408726731794
A,oracle_best_same_class_nonexclusive,small,top_error_over_h,26520,1.5779131175720988,7.535773564208838,0.0024570125147832973,-0.05242766747285574,0.0664770102769148,0.5798541409998295,-57.190755733487464,166.43981698752427
A,oracle_best_same_class_nonexclusive,small,bottom_error_over_h,26520,1.8201180403463062,8.380753891813114,0.021101974976202684,-0.034289466291279165,0.10620089181339509,0.872048583102102,-57.00764593406233,187.49139414797378
A,oracle_best_same_class_nonexclusive,small,fraction_iou_ge_0.50,26586,0.7975626269465133,,,,,,,
A,oracle_best_same_class_nonexclusive,small,fraction_iou_ge_0.55,26586,0.7667945535244114,,,,,,,
A,oracle_best_same_class_nonexclusive,small,fraction_iou_ge_0.60,26586,0.7234634770179794,,,,,,,
A,oracle_best_same_class_nonexclusive,small,fraction_iou_ge_0.65,26586,0.6577145866245392,,,,,,,
A,oracle_best_same_class_nonexclusive,small,fraction_iou_ge_0.70,26586,0.5700368615060558,,,,,,,
A,oracle_best_same_class_nonexclusive,small,fraction_iou_ge_0.75,26586,0.4507259459866095,,,,,,,
A,oracle_best_same_class_nonexclusive,small,fraction_iou_ge_0.80,26586,0.30801925825622506,,,,,,,
A,oracle_best_same_class_nonexclusive,small,fraction_iou_ge_0.85,26586,0.16941247273000828,,,,,,,
A,oracle_best_same_class_nonexclusive,small,fraction_iou_ge_0.90,26586,0.05920409237944783,,,,,,,
A,oracle_best_same_class_nonexclusive,small,fraction_iou_ge_0.95,26586,0.0065447980139923265,,,,,,,
A,oracle_best_same_class_nonexclusive,medium,best_iou,11105,0.7888740401413402,0.2465950469346654,0.8736969249172476,0.779373845380776,0.9258882811229159,0.9530493457502077,0.0,0.9920691540271137
A,oracle_best_same_class_nonexclusive,medium,score,11062,0.6674867630223106,0.2637425428911942,0.7789584994316101,0.6003773659467697,0.850775957107544,0.8800442397594451,0.00103887845762074,0.9380290508270264
A,oracle_best_same_class_nonexclusive,medium,abs_center_dx_over_w,11062,0.47888526859182107,2.384610543328875,0.01911137630491895,0.007637487242786189,0.05048662845480514,0.1408587404101087,3.779998239675729e-06,40.333931058636146
A,oracle_best_same_class_nonexclusive,medium,abs_center_dy_over_h,11062,0.3100535099636709,1.5101741618019395,0.02086511768644809,0.008346301382294613,0.049428126242469526,0.1231113748645157,1.9661406597218706e-06,35.4607099688895
A,oracle_best_same_class_nonexclusive,medium,center_dx_over_w,11062,-0.013430706346509329,2.4321838252805907,0.004397527610307056,-0.01312833235455262,0.024103944019234824,0.07189550361304232,-40.333931058636146,35.48774835347322
A,oracle_best_same_class_nonexclusive,medium,center_dy_over_h,11062,-0.0072462784994958476,1.5416571179944296,0.0007931776102766651,-0.0197349818300145,0.021844066045192536,0.05873977694764067,-29.866401014283745,35.4607099688895
A,oracle_best_same_class_nonexclusive,medium,abs_log_w_ratio,11062,0.1019673911021736,0.19232816658972066,0.042007643118157724,0.016668058859458205,0.10103162388795152,0.22701450087061117,4.5122508680592305e-06,2.3799564807786973
A,oracle_best_same_class_nonexclusive,medium,abs_log_h_ratio,11062,0.09305060083948734,0.1657852996217386,0.043878798738405826,0.01869144211890058,0.0951062466415003,0.203031305980428,2.3796544499025926e-05,2.280133681233704
A,oracle_best_same_class_nonexclusive,medium,log_w_ratio,11062,-0.014223620609769394,0.21722145641878085,0.001410548366037984,-0.04314061151441012,0.040856686048277614,0.10828658967008212,-2.3799564807786973,2.0410614900194592
A,oracle_best_same_class_nonexclusive,medium,log_h_ratio,11062,0.000720630391146271,0.19011223153468743,0.00203435490516743,-0.042932733119013425,0.04454955671292296,0.11046352579772524,-2.280133681233704,1.9728353936292788
A,oracle_best_same_class_nonexclusive,medium,abs_left_error_over_w,11062,0.48945674949134643,2.380746092990301,0.024881162888712234,0.009945208421890735,0.06375848948813756,0.20023424856564198,0.0,40.78849556262548
A,oracle_best_same_class_nonexclusive,medium,abs_right_error_over_w,11062,0.489492295292936,2.391356048361463,0.025513101076510957,0.010129967629441392,0.06316738659285445,0.1907622071287044,0.0,40.125524295729285
A,oracle_best_same_class_nonexclusive,medium,abs_top_error_over_h,11062,0.3036758438247132,1.4334144756886575,0.025104664622812214,0.010391755998739838,0.060223150451790684,0.17728167555862842,0.0,32.36519145378268
A,oracle_best_same_class_nonexclusive,medium,abs_bottom_error_over_h,11062,0.33649722711619806,1.5891516633745633,0.028495414827854754,0.011942953641647094,0.06576906669086185,0.17812818112895534,0.0,38.556228483996335
A,oracle_best_same_class_nonexclusive,medium,left_error_over_w,11062,-0.0179715779395193,2.4304725654278805,0.0020957629818389688,-0.02139250134407087,0.028359799510190895,0.09317122490828031,-40.78849556262548,35.58274256163385
A,oracle_best_same_class_nonexclusive,medium,right_error_over_w,11062,-0.008889834753499342,2.44092347852696,0.0060762642984744375,-0.017018696582254748,0.03178295635675758,0.08622581479807263,-40.125524295729285,35.392754145312594
A,oracle_best_same_class_nonexclusive,medium,top_error_over_h,11062,-0.017468425690918454,1.4651248859193955,-0.0008663069467448023,-0.025539152978866445,0.024708727709446616,0.07378162091061377,-29.678619834078514,32.36519145378268
A,oracle_best_same_class_nonexclusive,medium,bottom_error_over_h,11062,0.002975868691926748,1.6243843563850768,0.0010275604242558417,-0.026646327269296253,0.030048044614863555,0.08088353849109664,-30.054182194488977,38.556228483996335
A,oracle_best_same_class_nonexclusive,medium,fraction_iou_ge_0.50,11105,0.909860423232778,,,,,,,
A,oracle_best_same_class_nonexclusive,medium,fraction_iou_ge_0.55,11105,0.9023863124718595,,,,,,,
A,oracle_best_same_class_nonexclusive,medium,fraction_iou_ge_0.60,11105,0.8914903196758217,,,,,,,
A,oracle_best_same_class_nonexclusive,medium,fraction_iou_ge_0.65,11105,0.8742008104457452,,,,,,,
A,oracle_best_same_class_nonexclusive,medium,fraction_iou_ge_0.70,11105,0.8416929311121116,,,,,,,
A,oracle_best_same_class_nonexclusive,medium,fraction_iou_ge_0.75,11105,0.7912651958577217,,,,,,,
A,oracle_best_same_class_nonexclusive,medium,fraction_iou_ge_0.80,11105,0.7086897793786583,,,,,,,
A,oracle_best_same_class_nonexclusive,medium,fraction_iou_ge_0.85,11105,0.5864025213867627,,,,,,,
A,oracle_best_same_class_nonexclusive,medium,fraction_iou_ge_0.90,11105,0.389824403421882,,,,,,,
A,oracle_best_same_class_nonexclusive,medium,fraction_iou_ge_0.95,11105,0.1164340387212967,,,,,,,
A,oracle_best_same_class_nonexclusive,large,best_iou,1068,0.858990799242659,0.24345093165710954,0.945518338891273,0.8930053216742881,0.9658317564731244,0.9780071136258223,0.0,0.9978512374113128
A,oracle_best_same_class_nonexclusive,large,score,1063,0.809005232329738,0.21845224432753638,0.8973211050033569,0.8428824245929718,0.9133892059326172,0.9214048862457275,0.0011701142648234963,0.9880586266517639
A,oracle_best_same_class_nonexclusive,large,abs_center_dx_over_w,1063,0.19494467463110948,0.9494098167055096,0.007647737349065826,0.003685361883501877,0.018781740076934797,0.08112006021739664,2.1783563886596597e-05,10.106764269502339
A,oracle_best_same_class_nonexclusive,large,abs_center_dy_over_h,1063,0.1497359166323489,0.6592107484507994,0.00874490275668021,0.004120606981587203,0.02104347691925864,0.08358348758359802,2.35649031135942e-05,7.137454333230067
A,oracle_best_same_class_nonexclusive,large,center_dx_over_w,1063,0.033842283464087276,0.9686264120256864,0.002044148893451153,-0.005728958348262129,0.0098206554111062,0.034502588766914415,-10.106764269502339,8.031108191162838
A,oracle_best_same_class_nonexclusive,large,center_dy_over_h,1063,-0.0934902913929693,0.6695066997559103,0.0010522391372716061,-0.0072068520667273065,0.01042112275576854,0.024824183729915742,-7.137454333230067,4.213172342466601
A,oracle_best_same_class_nonexclusive,large,abs_log_w_ratio,1063,0.07258122203353397,0.22326902874820553,0.017349280117529106,0.006984006303394459,0.040086569147950044,0.12071463210785785,8.240916038178099e-05,2.867339785230787
A,oracle_best_same_class_nonexclusive,large,abs_log_h_ratio,1063,0.07204964145914647,0.18243135186770354,0.020359103322663503,0.008566671806340912,0.04864604790015614,0.14532203641064642,4.50491044927027e-05,1.922854949864628
A,oracle_best_same_class_nonexclusive,large,log_w_ratio,1063,-0.03509557210289936,0.23213227653391585,0.0034002671815484323,-0.014647794191858087,0.01974009039957409,0.04602359695637166,-2.867339785230787,0.4947346021877693
A,oracle_best_same_class_nonexclusive,large,log_h_ratio,1063,-0.031223666162686146,0.19364253574571508,0.001789524865727501,-0.02157155854103616,0.019453649264085528,0.05114534078369689,-1.922854949864628,0.9011838268467903
A,oracle_best_same_class_nonexclusive,large,abs_left_error_over_w,1063,0.19941021091875338,0.9600072858275192,0.010135547964123833,0.004367241392737788,0.02452619966333499,0.08222815116969763,0.0,10.145916415242032
A,oracle_best_same_class_nonexclusive,large,abs_right_error_over_w,1063,0.19959972617699204,0.9418067147853292,0.010405675699496813,0.004494963762906661,0.023970951639871778,0.10912858740483136,0.0,10.067612123762643
A,oracle_best_same_class_nonexclusive,large,abs_top_error_over_h,1063,0.14049072954736103,0.6153807089735855,0.012118414583076893,0.00495597995211038,0.025447513840263374,0.07005356053536353,0.0,6.971425605247705
A,oracle_best_same_class_nonexclusive,large,abs_bottom_error_over_h,1063,0.16857986939531772,0.7050906798579121,0.012194171525632388,0.0041175066788287275,0.029123205409891162,0.12909717604823956,0.0,7.303483061212426
A,oracle_best_same_class_nonexclusive,large,left_error_over_w,1063,0.04223619822849382,0.9795889569711294,-0.00023325381856865624,-0.010744536666803906,0.009762166970925643,0.03267017877754185,-10.145916415242032,8.05414462545794
A,oracle_best_same_class_nonexclusive,large,right_error_over_w,1063,0.025448368699680736,0.9623888607185713,0.004206710544879193,-0.004605525974085075,0.014600685200965236,0.035766301258078746,-10.067612123762643,8.008071756867732
A,oracle_best_same_class_nonexclusive,large,top_error_over_h,1063,-0.08525834410728055,0.6254295138747987,-0.0013163249171744072,-0.012707583360077554,0.011556477265066992,0.02875043214136918,-6.971425605247705,4.447867441557054
A,oracle_best_same_class_nonexclusive,large,bottom_error_over_h,1063,-0.10172223867865803,0.7177914915531092,5.100011220032862e-06,-0.010074684600362854,0.014236501477947153,0.03496302846386669,-7.303483061212426,3.978477243376148
A,oracle_best_same_class_nonexclusive,large,fraction_iou_ge_0.50,1068,0.9260299625468165,,,,,,,
A,oracle_best_same_class_nonexclusive,large,fraction_iou_ge_0.55,1068,0.9241573033707865,,,,,,,
A,oracle_best_same_class_nonexclusive,large,fraction_iou_ge_0.60,1068,0.9194756554307116,,,,,,,
A,oracle_best_same_class_nonexclusive,large,fraction_iou_ge_0.65,1068,0.9185393258426966,,,,,,,
A,oracle_best_same_class_nonexclusive,large,fraction_iou_ge_0.70,1068,0.9063670411985019,,,,,,,
A,oracle_best_same_class_nonexclusive,large,fraction_iou_ge_0.75,1068,0.8857677902621723,,,,,,,
A,oracle_best_same_class_nonexclusive,large,fraction_iou_ge_0.80,1068,0.8614232209737828,,,,,,,
A,oracle_best_same_class_nonexclusive,large,fraction_iou_ge_0.85,1068,0.8202247191011236,,,,,,,
A,oracle_best_same_class_nonexclusive,large,fraction_iou_ge_0.90,1068,0.7312734082397003,,,,,,,
A,oracle_best_same_class_nonexclusive,large,fraction_iou_ge_0.95,1068,0.4447565543071161,,,,,,,
REF,score_ordered_one_to_one_iou0.50,small,matched_iou,21038,0.7418379008336541,0.11367546029396965,0.7527766431297459,0.6565211906353666,0.8320674469434526,0.8855868295140557,0.500144426683598,0.9843950109971722
REF,score_ordered_one_to_one_iou0.50,small,score,21038,0.4447140142873826,0.24447038137923288,0.4910280704498291,0.2320384681224823,0.6526749134063721,0.743008178472519,0.0010595305357128382,0.8728534579277039
REF,score_ordered_one_to_one_iou0.50,small,abs_center_dx_over_w,21038,0.06585741308026329,0.0609140377748325,0.04730224968475848,0.020712209063997365,0.09280425625524333,0.15012692144607725,4.9906012645560785e-06,0.42109885432842115
REF,score_ordered_one_to_one_iou0.50,small,abs_center_dy_over_h,21038,0.055782877552220125,0.053899444263779246,0.038951456350460045,0.017168083405984812,0.07655564099295084,0.12848790882106323,2.191999066016879e-06,0.3755231508380511
REF,score_ordered_one_to_one_iou0.50,small,center_dx_over_w,21038,0.018273319443955428,0.08782826795603632,0.016963500740840364,-0.026199495043266928,0.06480504625688854,0.12493413770012263,-0.42109885432842115,0.41190098359021227
REF,score_ordered_one_to_one_iou0.50,small,center_dy_over_h,21038,0.006851060119853692,0.07726540296396815,0.00522646010441846,-0.03226670772900377,0.04533030643751046,0.09789851362888681,-0.3372749893000518,0.3755231508380511
REF,score_ordered_one_to_one_iou0.50,small,abs_log_w_ratio,21038,0.1316508450592355,0.11421502527933797,0.0985781256795064,0.04382037546260664,0.18991712839759528,0.2951133293763731,2.117021058615334e-05,0.6538987699325622
REF,score_ordered_one_to_one_iou0.50,small,abs_log_h_ratio,21038,0.10160900652136647,0.09041320847622376,0.07667463508720504,0.0344782123025377,0.14274038376769424,0.2247195302511683,7.096799375676929e-06,0.6318919144529362
REF,score_ordered_one_to_one_iou0.50,small,log_w_ratio,21038,0.04169119229803184,0.16923020265052918,0.03403847497260444,-0.05622883957177811,0.1383350963244893,0.2570780254104789,-0.6339149553033239,0.6538987699325622
REF,score_ordered_one_to_one_iou0.50,small,log_h_ratio,21038,0.02438035836998223,0.13380783459489742,0.017844424268100297,-0.05529498217451784,0.09804631808799047,0.19014527753671975,-0.6318919144529362,0.6311349160633548
REF,score_ordered_one_to_one_iou0.50,small,abs_left_error_over_w,21038,0.08878916738500009,0.08965117757426912,0.06185486254574275,0.026666996027976498,0.12135354364400265,0.20254557207974927,0.0,0.8037489910259533
REF,score_ordered_one_to_one_iou0.50,small,abs_right_error_over_w,21038,0.09633016346729444,0.09662989429876705,0.06626103746235912,0.028412725609691,0.1314508513601955,0.22263283825161473,0.0,0.7995045938106927
REF,score_ordered_one_to_one_iou0.50,small,abs_top_error_over_h,21038,0.06950044923026162,0.07520375368683081,0.045489123962721464,0.019332560136809875,0.09245346527870334,0.1612176013039887,0.0,0.70207519980458
REF,score_ordered_one_to_one_iou0.50,small,abs_bottom_error_over_h,21038,0.07661300044907804,0.07987146120472406,0.05170730778979181,0.023052783547858342,0.10212766545696524,0.17421072539969723,0.0,0.7412516296640436
REF,score_ordered_one_to_one_iou0.50,small,left_error_over_w,21038,-0.010597052325036445,0.12573206578830692,-0.0011650642054221016,-0.06529950846102567,0.058617711199499156,0.12713031902146707,-0.8037489910259533,0.4351240099578168
REF,score_ordered_one_to_one_iou0.50,small,right_error_over_w,21038,0.0471436912129474,0.12804026415407313,0.03268827384762725,-0.02262336280669624,0.10460124157635951,0.20282243238426156,-0.41026074839175697,0.7995045938106927
REF,score_ordered_one_to_one_iou0.50,small,top_error_over_h,21038,-0.010159478638993113,0.10189554458160344,-0.003107228619988403,-0.05040277050677366,0.040995408841208746,0.09839400772344525,-0.70207519980458,0.43443415566513616
REF,score_ordered_one_to_one_iou0.50,small,bottom_error_over_h,21038,0.023861598878700447,0.10807231954455394,0.013981244591302134,-0.034648574134152,0.06913552844671272,0.14736998019159275,-0.42764555049310654,0.7412516296640436
REF,score_ordered_one_to_one_iou0.50,small,fraction_iou_ge_0.50,21038,1.0,,,,,,,
REF,score_ordered_one_to_one_iou0.50,small,fraction_iou_ge_0.55,21038,0.9380644547960832,,,,,,,
REF,score_ordered_one_to_one_iou0.50,small,fraction_iou_ge_0.60,21038,0.8587318186139367,,,,,,,
REF,score_ordered_one_to_one_iou0.50,small,fraction_iou_ge_0.65,21038,0.7627626200209146,,,,,,,
REF,score_ordered_one_to_one_iou0.50,small,fraction_iou_ge_0.70,21038,0.64972906169788,,,,,,,
REF,score_ordered_one_to_one_iou0.50,small,fraction_iou_ge_0.75,21038,0.5071299553189467,,,,,,,
REF,score_ordered_one_to_one_iou0.50,small,fraction_iou_ge_0.80,21038,0.35302785435877937,,,,,,,
REF,score_ordered_one_to_one_iou0.50,small,fraction_iou_ge_0.85,21038,0.19574104002281587,,,,,,,
REF,score_ordered_one_to_one_iou0.50,small,fraction_iou_ge_0.90,21038,0.07011122730297557,,,,,,,
REF,score_ordered_one_to_one_iou0.50,small,fraction_iou_ge_0.95,21038,0.008270748169978135,,,,,,,
REF,score_ordered_one_to_one_iou0.50,medium,matched_iou,10087,0.8530005871299311,0.10407458064405087,0.8841471062187918,0.8057454971184799,0.9300480516833802,0.9545061370106221,0.5009161561186861,0.9923303966892116
REF,score_ordered_one_to_one_iou0.50,medium,score,10087,0.6865138305165949,0.22739946667673439,0.7787672877311707,0.6109631359577179,0.844118058681488,0.874154794216156,0.0011649772059172392,0.9219281077384949
REF,score_ordered_one_to_one_iou0.50,medium,abs_center_dx_over_w,10087,0.03224279954093721,0.04093668184658887,0.017060149728379423,0.00722313343423734,0.0397214732366404,0.08266714372048733,2.6472121510314454e-07,0.39570981319084814
REF,score_ordered_one_to_one_iou0.50,medium,abs_center_dy_over_h,10087,0.03180724033670147,0.038977774676320166,0.018685377288640087,0.007688520815442546,0.03994000969428255,0.07721867445545419,3.879336137702791e-06,0.35833364440654003
REF,score_ordered_one_to_one_iou0.50,medium,center_dx_over_w,10087,0.0042006462283097025,0.05194000976232568,0.004241369024446927,-0.01159321975677461,0.021513935206563882,0.05424499014489824,-0.39570981319084814,0.33351534062174326
REF,score_ordered_one_to_one_iou0.50,medium,center_dy_over_h,10087,0.0017237607719347756,0.05027918162973432,0.0009715064675595253,-0.01696012295031505,0.020685019057232627,0.04963227646107489,-0.35356092815318463,0.35833364440654003
REF,score_ordered_one_to_one_iou0.50,medium,abs_log_w_ratio,10087,0.06702036449252571,0.08068314662479245,0.03793608713341442,0.015379326618886302,0.0860917531003468,0.16919193642272415,1.2660649832862202e-06,0.6747554813836899
REF,score_ordered_one_to_one_iou0.50,medium,abs_log_h_ratio,10087,0.06395345685949866,0.07222483913032457,0.03942983362568447,0.01692511502959157,0.08229347421483947,0.15244138039503746,7.2923757823630784e-06,0.5984943178814702
REF,score_ordered_one_to_one_iou0.50,medium,log_w_ratio,10087,0.0002463147693758543,0.10488774349285594,0.005046600329139888,-0.033499933144894425,0.040951515104568056,0.10087451201053796,-0.6747554813836899,0.6170362868504046
REF,score_ordered_one_to_one_iou0.50,medium,log_h_ratio,10087,0.0036805753899491725,0.09639982052099434,0.0050156327538611765,-0.03578151727625077,0.04239672537860745,0.1010709181832297,-0.5984943178814702,0.5549067421685343
REF,score_ordered_one_to_one_iou0.50,medium,abs_left_error_over_w,10087,0.043021643982106325,0.06123933276161851,0.02133997119546588,0.008932373741230046,0.04966332815871579,0.10795355872157275,0.0,0.8224232473615185
REF,score_ordered_one_to_one_iou0.50,medium,abs_right_error_over_w,10087,0.04326354469638751,0.059466241525763096,0.022490217864716746,0.009176305321988435,0.05056144545619001,0.10933451471567587,0.0,0.6331736727474682
REF,score_ordered_one_to_one_iou0.50,medium,abs_top_error_over_h,10087,0.04080568669771897,0.05552496652368229,0.02194204755389796,0.009501985390504734,0.04875642569040639,0.09682450964220052,0.0,0.699667695269475
REF,score_ordered_one_to_one_iou0.50,medium,abs_bottom_error_over_h,10087,0.04383232321517712,0.0573067832889145,0.025362195635558808,0.011275804147077935,0.05307570580086906,0.10178598015270252,0.0,0.6739396917636815
REF,score_ordered_one_to_one_iou0.50,medium,left_error_over_w,10087,0.001340321941615142,0.07482861260977763,0.001069571190909846,-0.019675901738984675,0.022900956949360514,0.06454935386631962,-0.8224232473615185,0.422933260792315
REF,score_ordered_one_to_one_iou0.50,medium,right_error_over_w,10087,0.007060970515004275,0.07319911800208355,0.00677936217866071,-0.012605759406631063,0.02914539266486608,0.06754085179205933,-0.4078365944575088,0.6331736727474682
REF,score_ordered_one_to_one_iou0.50,medium,top_error_over_h,10087,-0.0024641078207769,0.0688625743562933,-0.0014979214297612161,-0.023071610830943105,0.02088531127826762,0.05865737943225593,-0.699667695269475,0.42087720084460584
REF,score_ordered_one_to_one_iou0.50,medium,bottom_error_over_h,10087,0.005911629364646436,0.07190544212796007,0.0029941677359776,-0.021415910126310563,0.029236934236438986,0.0688370919116812,-0.4264157392388007,0.6739396917636815
REF,score_ordered_one_to_one_iou0.50,medium,fraction_iou_ge_0.50,10087,1.0,,,,,,,
REF,score_ordered_one_to_one_iou0.50,medium,fraction_iou_ge_0.55,10087,0.983840586894022,,,,,,,
REF,score_ordered_one_to_one_iou0.50,medium,fraction_iou_ge_0.60,10087,0.9634182611281847,,,,,,,
REF,score_ordered_one_to_one_iou0.50,medium,fraction_iou_ge_0.65,10087,0.9339744225240408,,,,,,,
REF,score_ordered_one_to_one_iou0.50,medium,fraction_iou_ge_0.70,10087,0.8964013086150491,,,,,,,
REF,score_ordered_one_to_one_iou0.50,medium,fraction_iou_ge_0.75,10087,0.8417765440666204,,,,,,,
REF,score_ordered_one_to_one_iou0.50,medium,fraction_iou_ge_0.80,10087,0.7626648160999306,,,,,,,
REF,score_ordered_one_to_one_iou0.50,medium,fraction_iou_ge_0.85,10087,0.6334886487558243,,,,,,,
REF,score_ordered_one_to_one_iou0.50,medium,fraction_iou_ge_0.90,10087,0.4259938534747695,,,,,,,
REF,score_ordered_one_to_one_iou0.50,medium,fraction_iou_ge_0.95,10087,0.12877961732923565,,,,,,,
REF,score_ordered_one_to_one_iou0.50,large,matched_iou,988,0.9235544721698247,0.07366719264063767,0.9478907307668851,0.913660238351963,0.9667471978081599,0.9769171706428532,0.5180789097393338,0.9941207132596908
REF,score_ordered_one_to_one_iou0.50,large,score,988,0.8268006369952293,0.17610485714057797,0.8928161263465881,0.8431091755628586,0.9122458845376968,0.9200026452541352,0.0016021248884499073,0.9726373553276062
REF,score_ordered_one_to_one_iou0.50,large,abs_center_dx_over_w,988,0.014644461098141668,0.02346949607061546,0.007148522194848886,0.0029360785593332585,0.015354284142832374,0.03487346268788069,4.260047015720543e-06,0.28489545009637773
REF,score_ordered_one_to_one_iou0.50,large,abs_center_dy_over_h,988,0.01713943991773841,0.028012863333979135,0.008362620266610533,0.003938520715966254,0.01760835814398097,0.038681897796325075,7.84782992920949e-05,0.22206870745147056
REF,score_ordered_one_to_one_iou0.50,large,center_dx_over_w,988,0.0007012590917553104,0.027654759488193886,0.001173672438493669,-0.005377514433570328,0.008521859913841237,0.02052048488209561,-0.28489545009637773,0.13353697674897444
REF,score_ordered_one_to_one_iou0.50,large,center_dy_over_h,988,0.0006810850377552101,0.032833169753060755,0.0006886365780468892,-0.007326884407377252,0.009340135310913442,0.02276975371669602,-0.2177611179112803,0.22206870745147056
REF,score_ordered_one_to_one_iou0.50,large,abs_log_w_ratio,988,0.030944367485782512,0.04904008520622044,0.015664862787941117,0.006579381621329639,0.03294447708383599,0.07082712431477452,4.074027238319549e-05,0.47291304511879656
REF,score_ordered_one_to_one_iou0.50,large,abs_log_h_ratio,988,0.03597255980134434,0.05483056857876948,0.018509889746542062,0.0075878441707816465,0.0380473174578734,0.08777543319645478,4.468669739224868e-05,0.5085472581505794
REF,score_ordered_one_to_one_iou0.50,large,log_w_ratio,988,0.002219693289697343,0.05794442853137985,0.0036742911151151463,-0.010526141043862116,0.02010901674357035,0.04555299477461096,-0.47291304511879656,0.4100780944610706
REF,score_ordered_one_to_one_iou0.50,large,log_h_ratio,988,0.002042897520604692,0.06554573120389111,0.0034398571350737293,-0.014293195257165773,0.021779995845253697,0.051531430525989796,-0.5085472581505794,0.3906146904840929
REF,score_ordered_one_to_one_iou0.50,large,abs_left_error_over_w,988,0.019841071168365133,0.03807624363500204,0.009019411742129897,0.0037730640743597714,0.020325865903177504,0.04288700136618931,0.0,0.5118350560925312
REF,score_ordered_one_to_one_iou0.50,large,abs_right_error_over_w,988,0.01860868820343294,0.030930345778110862,0.009531421979524276,0.003890772683885384,0.01847836259810253,0.04068470046610358,0.0,0.291929842475623
REF,score_ordered_one_to_one_iou0.50,large,abs_top_error_over_h,988,0.020591655972723905,0.03292936410553074,0.01119157096171725,0.0052950470560537794,0.022171760018140016,0.042478331272910924,0.0,0.3393961654517691
REF,score_ordered_one_to_one_iou0.50,large,abs_bottom_error_over_h,988,0.02460608368123959,0.04594449026105443,0.011157590823488616,0.0038070878731506393,0.023705247567509486,0.05282696218978669,0.0,0.4232680232326932
REF,score_ordered_one_to_one_iou0.50,large,left_error_over_w,988,-0.0012323026693655942,0.04291794338725048,-0.000712158823342617,-0.009790110308068726,0.008385569202708339,0.024052827816184896,-0.5118350560925312,0.25874997599228666
REF,score_ordered_one_to_one_iou0.50,large,right_error_over_w,988,0.002634820852876222,0.03600037896577386,0.0034503739409681216,-0.0046177118314582955,0.013580073690966315,0.025990790585252024,-0.291929842475623,0.24558852673520282
REF,score_ordered_one_to_one_iou0.50,large,top_error_over_h,988,-0.0013938028641617584,0.03881258339339816,-0.0018978645899386825,-0.012434390376148229,0.010122870922728606,0.0247544446361591,-0.3148213945355885,0.3393961654517691
REF,score_ordered_one_to_one_iou0.50,large,bottom_error_over_h,988,0.0027559729396721983,0.052045750572280974,0.0005238452160693717,-0.00729731546122207,0.014907375814334208,0.034493285275634264,-0.4010985507246418,0.4232680232326932
REF,score_ordered_one_to_one_iou0.50,large,fraction_iou_ge_0.50,988,1.0,,,,,,,
REF,score_ordered_one_to_one_iou0.50,large,fraction_iou_ge_0.55,988,0.9989878542510121,,,,,,,
REF,score_ordered_one_to_one_iou0.50,large,fraction_iou_ge_0.60,988,0.9908906882591093,,,,,,,
REF,score_ordered_one_to_one_iou0.50,large,fraction_iou_ge_0.65,988,0.9817813765182186,,,,,,,
REF,score_ordered_one_to_one_iou0.50,large,fraction_iou_ge_0.70,988,0.97165991902834,,,,,,,
REF,score_ordered_one_to_one_iou0.50,large,fraction_iou_ge_0.75,988,0.9524291497975709,,,,,,,
REF,score_ordered_one_to_one_iou0.50,large,fraction_iou_ge_0.80,988,0.9321862348178138,,,,,,,
REF,score_ordered_one_to_one_iou0.50,large,fraction_iou_ge_0.85,988,0.8866396761133604,,,,,,,
REF,score_ordered_one_to_one_iou0.50,large,fraction_iou_ge_0.90,988,0.7925101214574899,,,,,,,
REF,score_ordered_one_to_one_iou0.50,large,fraction_iou_ge_0.95,988,0.4757085020242915,,,,,,,
A,score_ordered_one_to_one_iou0.50,small,matched_iou,21103,0.7428572078620257,0.11407256934078679,0.7549213300259602,0.6569595991921147,0.8339318461704794,0.8868771603845362,0.500032560169567,0.9829368177039444
A,score_ordered_one_to_one_iou0.50,small,score,21103,0.4510723718065123,0.24590892334349,0.4966593384742737,0.2386206015944481,0.6609891951084137,0.7530550360679626,0.0010752815287560225,0.8772616982460022
A,score_ordered_one_to_one_iou0.50,small,abs_center_dx_over_w,21103,0.06534081020004906,0.060460297414486865,0.046839919270834404,0.020286238922937645,0.09245857557568168,0.14994377785326599,1.4474005301101144e-05,0.4301392791253642
A,score_ordered_one_to_one_iou0.50,small,abs_center_dy_over_h,21103,0.05552125685827351,0.054215808672380336,0.03840197098713613,0.01680401740441856,0.07618426623812057,0.12828869161482132,3.6470965588844627e-06,0.39937433185340865
A,score_ordered_one_to_one_iou0.50,small,center_dx_over_w,21103,0.01811581862823342,0.08715897060243423,0.01655654147216905,-0.025809092755081295,0.0641031382916818,0.12379953099592939,-0.4242955647729137,0.4301392791253642
A,score_ordered_one_to_one_iou0.50,small,center_dy_over_h,21103,0.006625988123976264,0.0773179161288214,0.004877325097354202,-0.032586989082066586,0.04466301917994945,0.09792782485111019,-0.38777871473752495,0.39937433185340865
A,score_ordered_one_to_one_iou0.50,small,abs_log_w_ratio,21103,0.13049127878795855,0.11332886171780789,0.09838072591117304,0.043528390064789424,0.18739979007796403,0.29422214984273054,2.050318782325911e-05,0.6630577706119611
A,score_ordered_one_to_one_iou0.50,small,abs_log_h_ratio,21103,0.10095124758012809,0.09039350172703588,0.07488541867124453,0.03372760048913822,0.1416205871665308,0.22632607082006573,1.7476117827693818e-06,0.6467126037074472
A,score_ordered_one_to_one_iou0.50,small,log_w_ratio,21103,0.03745153475926098,0.1687269607447091,0.030975601274978823,-0.059365613846580054,0.13346275517224748,0.25312426043218084,-0.6402599066046393,0.6630577706119611
A,score_ordered_one_to_one_iou0.50,small,log_h_ratio,21103,0.0219422457031133,0.13371865014261908,0.01613082642753821,-0.05641916940531699,0.09459748627325315,0.18694901780010087,-0.5269575196824936,0.6467126037074472
A,score_ordered_one_to_one_iou0.50,small,abs_left_error_over_w,21103,0.08869206472164215,0.08889455654905992,0.06167483312605303,0.026989080165991546,0.12105460379112504,0.2011272305437212,0.0,0.851765881230489
A,score_ordered_one_to_one_iou0.50,small,abs_right_error_over_w,21103,0.09483973029464539,0.09454783224525853,0.06532680406972138,0.0284853529418188,0.12952841225531803,0.2198328229236693,0.0,0.8539691462036925
A,score_ordered_one_to_one_iou0.50,small,abs_top_error_over_h,21103,0.06906158063818073,0.07473960525741347,0.044752704016501686,0.019120803907814978,0.09201748983073747,0.1621716269021304,0.0,0.7896212881068414
A,score_ordered_one_to_one_iou0.50,small,abs_bottom_error_over_h,21103,0.07623720584959373,0.08013615903229145,0.05160395626296976,0.02289492433453755,0.10098634945832052,0.1742103054879663,0.0,0.7749383225959766
A,score_ordered_one_to_one_iou0.50,small,left_error_over_w,21103,-0.00845704460270854,0.1252876806602699,0.0005828361296461266,-0.06326585245072422,0.06046867914611791,0.12982846253407526,-0.851765881230489,0.4457961720108225
A,score_ordered_one_to_one_iou0.50,small,right_error_over_w,21103,0.044688681859175496,0.12624099468210803,0.031021869258745033,-0.02502354027446052,0.1015552665684325,0.20011497953935758,-0.4142561381694837,0.8539691462036925
A,score_ordered_one_to_one_iou0.50,small,top_error_over_h,21103,-0.009117337677222646,0.10135277336095654,-0.0027709837716132506,-0.0483963236509901,0.0411739032251699,0.09887527787198994,-0.7896212881068414,0.4429372175699545
A,score_ordered_one_to_one_iou0.50,small,bottom_error_over_h,21103,0.022369313925175122,0.10832141678688939,0.012578299091049506,-0.03613381803919774,0.06737824205970344,0.1461562530975919,-0.3954720760243496,0.7749383225959766
A,score_ordered_one_to_one_iou0.50,small,fraction_iou_ge_0.50,21103,1.0,,,,,,,
A,score_ordered_one_to_one_iou0.50,small,fraction_iou_ge_0.55,21103,0.9359806662559825,,,,,,,
A,score_ordered_one_to_one_iou0.50,small,fraction_iou_ge_0.60,21103,0.8607780884234469,,,,,,,
A,score_ordered_one_to_one_iou0.50,small,fraction_iou_ge_0.65,21103,0.7644410747287116,,,,,,,
A,score_ordered_one_to_one_iou0.50,small,fraction_iou_ge_0.70,21103,0.6520399943136047,,,,,,,
A,score_ordered_one_to_one_iou0.50,small,fraction_iou_ge_0.75,21103,0.5140501350518883,,,,,,,
A,score_ordered_one_to_one_iou0.50,small,fraction_iou_ge_0.80,21103,0.35644221200777143,,,,,,,
A,score_ordered_one_to_one_iou0.50,small,fraction_iou_ge_0.85,21103,0.20191441975074634,,,,,,,
A,score_ordered_one_to_one_iou0.50,small,fraction_iou_ge_0.90,21103,0.0724067668104061,,,,,,,
A,score_ordered_one_to_one_iou0.50,small,fraction_iou_ge_0.95,21103,0.008055726673932615,,,,,,,
A,score_ordered_one_to_one_iou0.50,medium,matched_iou,10095,0.8530321055716574,0.10453677128394319,0.8841334197953504,0.8058302483390919,0.9298765171784851,0.954742223426545,0.5005032096785204,0.9920691540271137
A,score_ordered_one_to_one_iou0.50,medium,score,10095,0.6978354834258274,0.22526165070344448,0.786612868309021,0.6325204968452454,0.8521521687507629,0.8803447842597961,0.0010535145411267877,0.9230936765670776
A,score_ordered_one_to_one_iou0.50,medium,abs_center_dx_over_w,10095,0.03205271794969008,0.0405643263329851,0.01665576995407322,0.006972159408803745,0.039821449537592,0.08280256609047809,3.779998239675729e-06,0.3412794633345119
A,score_ordered_one_to_one_iou0.50,medium,abs_center_dy_over_h,10095,0.031713601344896786,0.039084543048073385,0.018491204200733514,0.007711897720136117,0.03984585693742835,0.07592017165722936,1.9661406597218706e-06,0.412934704615907
A,score_ordered_one_to_one_iou0.50,medium,center_dx_over_w,10095,0.00498130160667341,0.05145899273319141,0.004460379381625777,-0.01106587727444298,0.02179583676514294,0.05549967123483857,-0.3376616793651936,0.3412794633345119
A,score_ordered_one_to_one_iou0.50,medium,center_dy_over_h,10095,0.0018217413154358701,0.050299456002221084,0.0013050627691408724,-0.016527075393030687,0.020619773840027465,0.05040596004613031,-0.3552641043008166,0.412934704615907
A,score_ordered_one_to_one_iou0.50,medium,abs_log_w_ratio,10095,0.06736073274186889,0.081662412676907,0.03793221558944808,0.015384249917603047,0.08476445181079345,0.1703840800904687,4.5122508680592305e-06,0.6542936616128893
A,score_ordered_one_to_one_iou0.50,medium,abs_log_h_ratio,10095,0.06328959103207918,0.07161443842522473,0.03923984235323751,0.017163946637255026,0.08204364367441298,0.14906271372535349,2.3796544499025926e-05,0.6666210802279972
A,score_ordered_one_to_one_iou0.50,medium,log_w_ratio,10095,-0.0027088692050098204,0.10582476074797004,0.0027321902769522487,-0.03656065492224662,0.03912305068159879,0.09707070871638956,-0.6542936616128893,0.6293171683294859
A,score_ordered_one_to_one_iou0.50,medium,log_h_ratio,10095,0.000781385909589971,0.09556981510931385,0.002516720945088203,-0.037042724695568574,0.041429679347674234,0.0954867145214888,-0.5973380725385903,0.6666210802279972
A,score_ordered_one_to_one_iou0.50,medium,abs_left_error_over_w,10095,0.043071454991708884,0.06044561204443456,0.02189978313172103,0.009084525483515012,0.04984216949390541,0.10881066071430688,0.0,0.7257764166977709
A,score_ordered_one_to_one_iou0.50,medium,abs_right_error_over_w,10095,0.042828794633052655,0.05957763008564937,0.022665468121145817,0.009177621063450742,0.049545270881258846,0.10546471075444802,0.0,0.7048071658972431
A,score_ordered_one_to_one_iou0.50,medium,abs_top_error_over_h,10095,0.04032466073572186,0.0544387062915062,0.02225247108454302,0.009519992145336326,0.047432024777999245,0.09474815316607263,0.0,0.6546049864673794
A,score_ordered_one_to_one_iou0.50,medium,abs_bottom_error_over_h,10095,0.043941874109570254,0.05727653888372699,0.025428919432392463,0.010894726672847108,0.053095031482495794,0.10297882111243167,0.0,0.8867573310259237
A,score_ordered_one_to_one_iou0.50,medium,left_error_over_w,10095,0.003570760367223882,0.07413549703703995,0.001954884667028043,-0.019203807018652385,0.02486464766556972,0.06628880296787451,-0.7257764166977709,0.4812291733922325
A,score_ordered_one_to_one_iou0.50,medium,right_error_over_w,10095,0.00639184284612295,0.07309544446388666,0.0062297421774500025,-0.013728889058864288,0.029084674961884674,0.06587598567568952,-0.4281111358055176,0.7048071658972431
A,score_ordered_one_to_one_iou0.50,medium,top_error_over_h,10095,-0.0008615049596303641,0.06774148518705858,-0.0006633375935927671,-0.02221245420093921,0.02230728149157385,0.0597618130004225,-0.6546049864673794,0.432077731535748
A,score_ordered_one_to_one_iou0.50,medium,bottom_error_over_h,10095,0.00450498759050209,0.07204994999005783,0.00211731286794571,-0.02232491578552161,0.028668937867612238,0.06904267787197697,-0.41733126644179275,0.8867573310259237
A,score_ordered_one_to_one_iou0.50,medium,fraction_iou_ge_0.50,10095,1.0,,,,,,,
A,score_ordered_one_to_one_iou0.50,medium,fraction_iou_ge_0.55,10095,0.9814759782070331,,,,,,,
A,score_ordered_one_to_one_iou0.50,medium,fraction_iou_ge_0.60,10095,0.9613670133729569,,,,,,,
A,score_ordered_one_to_one_iou0.50,medium,fraction_iou_ge_0.65,10095,0.9349182763744428,,,,,,,
A,score_ordered_one_to_one_iou0.50,medium,fraction_iou_ge_0.70,10095,0.8944031698860823,,,,,,,
A,score_ordered_one_to_one_iou0.50,medium,fraction_iou_ge_0.75,10095,0.8426944031698861,,,,,,,
A,score_ordered_one_to_one_iou0.50,medium,fraction_iou_ge_0.80,10095,0.7614660723130262,,,,,,,
A,score_ordered_one_to_one_iou0.50,medium,fraction_iou_ge_0.85,10095,0.637444279346211,,,,,,,
A,score_ordered_one_to_one_iou0.50,medium,fraction_iou_ge_0.90,10095,0.4267459138187221,,,,,,,
A,score_ordered_one_to_one_iou0.50,medium,fraction_iou_ge_0.95,10095,0.1279841505695889,,,,,,,
A,score_ordered_one_to_one_iou0.50,large,matched_iou,988,0.9210517414902483,0.08121315748817773,0.9482314436429163,0.9125566775401013,0.9673388510792099,0.978666354995367,0.5015026696570594,0.9978512374113128
A,score_ordered_one_to_one_iou0.50,large,score,988,0.8364240650991581,0.16731744240294327,0.8994291722774506,0.8554481863975525,0.9136512726545334,0.9222772419452667,0.004157785791903734,0.9880586266517639
A,score_ordered_one_to_one_iou0.50,large,abs_center_dx_over_w,988,0.015592190015029655,0.024780807282034474,0.006894599976200138,0.003416240292760957,0.015432772691836417,0.03768156317551541,2.1783563886596597e-05,0.22937138526823123
A,score_ordered_one_to_one_iou0.50,large,abs_center_dy_over_h,988,0.0181467845701555,0.030810603721649524,0.007732724622749983,0.003865528559221513,0.017138205696863123,0.04248370469942841,2.35649031135942e-05,0.26353564337686647
A,score_ordered_one_to_one_iou0.50,large,center_dx_over_w,988,0.0018356062032924174,0.029220461133947866,0.0018570845873170508,-0.00528631141291659,0.008527676140736917,0.020767154617056863,-0.22937138526823123,0.16978861101082754
A,score_ordered_one_to_one_iou0.50,large,center_dy_over_h,988,0.0029323204859747023,0.035637067619203606,0.001834390690888487,-0.005619451401327447,0.010628710581216397,0.024268571216834834,-0.26353564337686647,0.24068207109321274
A,score_ordered_one_to_one_iou0.50,large,abs_log_w_ratio,988,0.03211124004410611,0.05104480509754099,0.015501549468811281,0.006569497638864894,0.034028882440890515,0.0810868724458568,8.240916038178099e-05,0.4947346021877693
A,score_ordered_one_to_one_iou0.50,large,abs_log_h_ratio,988,0.03924219346781926,0.06721467288756032,0.018621141483802728,0.00772658685741842,0.0401845875053452,0.08518717872567994,4.50491044927027e-05,0.6300208487063305
A,score_ordered_one_to_one_iou0.50,large,log_w_ratio,988,0.002809115756074564,0.060239627599157054,0.00414644905030055,-0.01008040897728776,0.01962981619541146,0.04456115065177405,-0.47801526402816324,0.4947346021877693
A,score_ordered_one_to_one_iou0.50,large,log_h_ratio,988,-0.0037596809667535874,0.07774076664515037,0.0028866972516854343,-0.016209610776773804,0.019451407810121356,0.048699649179823085,-0.6300208487063305,0.4276212926916137
A,score_ordered_one_to_one_iou0.50,large,abs_left_error_over_w,988,0.01995612067541578,0.03835473143034155,0.009085838073953776,0.003912928376231333,0.019791011779674322,0.04191265328719656,0.0,0.5494028413599203
A,score_ordered_one_to_one_iou0.50,large,abs_right_error_over_w,988,0.020042474029541797,0.0355333131034427,0.00939100696385314,0.003961822540213838,0.01916240239859146,0.040399393098454,0.0,0.3024005854809169
A,score_ordered_one_to_one_iou0.50,large,abs_top_error_over_h,988,0.021223608535720473,0.04155949856459479,0.011083528710404075,0.004614677994870471,0.02186747648165622,0.041170713569700784,0.0,0.5303382351210119
A,score_ordered_one_to_one_iou0.50,large,abs_bottom_error_over_h,988,0.02542629170009301,0.04856816479135266,0.010983721721524238,0.0037782472416504446,0.023692791577048185,0.054859412140929306,0.0,0.42637005680991447
A,score_ordered_one_to_one_iou0.50,large,left_error_over_w,988,-0.0004711103935649733,0.04323320749727531,-0.0005977038101421723,-0.010082512259678572,0.007996923910238426,0.023565036047648813,-0.5494028413599203,0.30399012330917385
A,score_ordered_one_to_one_iou0.50,large,right_error_over_w,988,0.004142322800149813,0.04058519763597942,0.0033367956580569996,-0.004368807809058644,0.013415473872785143,0.027056861414702888,-0.26678065985859045,0.3024005854809169
A,score_ordered_one_to_one_iou0.50,large,top_error_over_h,988,0.0033825660914130057,0.04654236486100901,-0.0004939534235590288,-0.010339818190394435,0.011809224617906452,0.028065443907470625,-0.5303382351210119,0.44522512022690525
A,score_ordered_one_to_one_iou0.50,large,bottom_error_over_h,988,0.0024820748805364132,0.05476497279379966,0.0009068789784236278,-0.006878771135335072,0.014513780175517863,0.03296036438430814,-0.42637005680991447,0.39770297048007475
A,score_ordered_one_to_one_iou0.50,large,fraction_iou_ge_0.50,988,1.0,,,,,,,
A,score_ordered_one_to_one_iou0.50,large,fraction_iou_ge_0.55,988,0.9919028340080972,,,,,,,
A,score_ordered_one_to_one_iou0.50,large,fraction_iou_ge_0.60,988,0.9848178137651822,,,,,,,
A,score_ordered_one_to_one_iou0.50,large,fraction_iou_ge_0.65,988,0.9767206477732794,,,,,,,
A,score_ordered_one_to_one_iou0.50,large,fraction_iou_ge_0.70,988,0.9645748987854251,,,,,,,
A,score_ordered_one_to_one_iou0.50,large,fraction_iou_ge_0.75,988,0.944331983805668,,,,,,,
A,score_ordered_one_to_one_iou0.50,large,fraction_iou_ge_0.80,988,0.9220647773279352,,,,,,,
A,score_ordered_one_to_one_iou0.50,large,fraction_iou_ge_0.85,988,0.881578947368421,,,,,,,
A,score_ordered_one_to_one_iou0.50,large,fraction_iou_ge_0.90,988,0.7874493927125507,,,,,,,
A,score_ordered_one_to_one_iou0.50,large,fraction_iou_ge_0.95,988,0.4807692307692308,,,,,,,
