model,iou,n_small_gt,raw_geometry_rate,raw_gtclass_above_conf_rate,raw_correct_argmax_rate,nms1000_sameclass_rate,top500_sameclass_rate,raw_geometry_P2_rate,raw_correct_P2_rate,raw_geometry_P3_rate,raw_correct_P3_rate,raw_geometry_P4_rate,raw_correct_P4_rate,raw_geometry_P5_rate,raw_correct_P5_rate
E10a,0.5,26586,0.9491837809373355,0.9316181448882871,0.8438651922064244,0.8226510193334838,0.7948920484465508,0.942262845106447,0.8219739712630708,0.7845858722635973,0.6396599714135259,0.5042879711126157,0.2194011885955014,0.055405100428797115,0.021176559091251036
E10a,0.55,26586,0.922440382156022,0.9040848566914917,0.8170465658617317,0.7889114571579027,0.7626946513202437,0.912773640261792,0.794102159031069,0.7319265778981419,0.6022342586323629,0.4473783194162341,0.1956668923493568,0.037726623034679906,0.01579778830963665
E10a,0.6,26586,0.8852779658466863,0.8657187993680885,0.781238245693222,0.7434740088768524,0.7183103889265027,0.8725645076355977,0.7578048597005943,0.6670428044835628,0.5542766869781087,0.39005491612126686,0.16907394869480177,0.02448657187993681,0.0108703829082976
E10a,0.65,26586,0.8332581057699541,0.8120439328970135,0.7325283984051757,0.6799443316030994,0.6553073045964041,0.8158429248476642,0.7073271646731363,0.5939592266606485,0.4977055593169337,0.3334837884600918,0.14323328067403895,0.01436846460543143,0.00665763935906116
E10a,0.7,26586,0.7638982923343113,0.7412547957571655,0.6693748589483187,0.5885052283156549,0.5682690137666441,0.7405777476867524,0.640713157300835,0.5121492514857444,0.43056495900097796,0.2740540133905063,0.11438351011810727,0.007071390957646882,0.003686150605581885
E10a,0.75,26586,0.6669675769201836,0.6415406604980065,0.57737154893553,0.46219814940194087,0.4474159331979237,0.6372903031670805,0.5470172271120138,0.4154442187617543,0.35093658316407134,0.21033626720830512,0.08414202963965997,0.0031971714436169413,0.0018054615211013315
E10a,0.8,26586,0.5329496727600993,0.5037613781689612,0.4545625517189498,0.31497780786880314,0.3064394794252614,0.49819453847889866,0.42262845106447,0.3054239073196419,0.25772963213721506,0.1480854585119988,0.05574362446400361,0.0016173926126532762,0.0008651169788610547
E10a,0.85,26586,0.3678627849243963,0.33401038140374634,0.3020386669675769,0.16692996313849395,0.16429699842022116,0.3331452644248853,0.2723613932144738,0.18912209433536448,0.1559467388851275,0.08534567065372753,0.029000225682690138,0.0004889791619649439,0.00022568269013766644
E10a,0.9,26586,0.18122320018054616,0.15147069886406378,0.13777928232904535,0.05784999623862183,0.05717294816820883,0.15703753855412622,0.11867148123072294,0.08196043030166253,0.06480854585119988,0.03279921763334086,0.009177762732265102,0.00011284134506883322,7.522756337922214e-05
E10a,0.95,26586,0.03637252689385391,0.02689385390807192,0.024599413225005643,0.006695253140750771,0.00665763935906116,0.029263522154517416,0.019709621605356203,0.012450161739261265,0.009516286767471602,0.0038366057323403293,0.0009027307605506658,0.0,0.0
E16a,0.5,26586,0.9497479876626796,0.9305273452192884,0.8431505303543219,0.822726246896863,0.7960956894606184,0.942262845106447,0.8222748815165877,0.7883848642142481,0.6370646204769428,0.5080869630632664,0.21759572707440006,0.06368013240051154,0.023696682464454975
E16a,0.55,26586,0.9236440231700895,0.9037463326562852,0.8170841796434214,0.7903031670804183,0.764312043932897,0.9142781915293764,0.7956067102986534,0.7364778454825848,0.6015572105619499,0.4516286767471602,0.19521552696908148,0.04445948995712029,0.01782893252087565
E16a,0.6,26586,0.8884375235086136,0.8671105092906041,0.7823666591439103,0.7450914014895057,0.7189122094335364,0.8754607688256978,0.7595350936583164,0.6716692996313849,0.5556683969006244,0.3943805010155721,0.16888587978635372,0.028812156774242082,0.012337320394192433
E16a,0.65,26586,0.8367185736853984,0.8138870081998044,0.7343714737079666,0.6803580832016851,0.6563981042654028,0.8187391860377642,0.7084931919055142,0.5997517490408486,0.49973670352817273,0.33754607688256977,0.14281952907545326,0.01779131873918604,0.008312645753404048
E16a,0.7,26586,0.7662679605807567,0.7427593470247499,0.669826224328594,0.5892951177311367,0.569246972090574,0.7415180922289927,0.6416158880613857,0.516926201760325,0.43285939968404424,0.2761603851651245,0.11201384187166177,0.010306176182953434,0.005002632964718273
E16a,0.75,26586,0.6671556458286316,0.6396599714135259,0.5766192733017378,0.4653577070638682,0.45155344918378093,0.6345068833220492,0.5445723313021891,0.4177386594448206,0.351839313924622,0.2122921838561649,0.08267509215376515,0.004626495147822162,0.0024072820281351086
E16a,0.8,26586,0.533551493267133,0.5028586474084105,0.455803806514707,0.31576769728428494,0.30783118934777703,0.4986082900774844,0.4231926577898142,0.30497254193936657,0.2554351914541488,0.14823591363875724,0.052734521928834724,0.0017678477394117206,0.0009027307605506658
E16a,0.85,26586,0.3675618746708794,0.3316407131573008,0.2999699089746483,0.16975099676521477,0.167118032046942,0.33307003686150605,0.27089445572857895,0.19194312796208532,0.1568870834273678,0.08579703603400286,0.027834198450312195,0.0004889791619649439,0.00022568269013766644
E16a,0.9,26586,0.18220115850447605,0.15030467163168584,0.1369141653501843,0.05924170616113744,0.05886556834424133,0.15873015873015872,0.118182502068758,0.08222372677348981,0.06447002181599339,0.033438651922064244,0.009930038366057324,7.522756337922214e-05,3.761378168961107e-05
E16a,0.95,26586,0.0353193410065448,0.02520123373203942,0.02313247573911081,0.005416384563303994,0.005416384563303994,0.028135108703829084,0.01820507033777176,0.012412547957571655,0.008839238697058603,0.0036485368238922742,0.0012412547957571655,0.0,0.0
E21a,0.5,26586,0.9510268562401264,0.9324832618671481,0.8433762130444595,0.8227638606785527,0.7975626269465133,0.9441435341909276,0.8223124952982773,0.7911682840592793,0.640901226209283,0.5114722034153314,0.2170691341307455,0.05747385842172572,0.02317008952080042
E21a,0.55,26586,0.9252990295644324,0.905514180395697,0.8176860001504551,0.7918453321296923,0.7667945535244114,0.9154066049800647,0.796133303242308,0.7377943278417212,0.6033250583013616,0.45230572481757314,0.1922816519972918,0.03979538102760852,0.016963815542014593
E21a,0.6,26586,0.8903182125930941,0.8686150605581885,0.7842097344467013,0.7472730008275031,0.7234258632362898,0.876589182276386,0.7613405551794178,0.6737380576243136,0.5554803279921763,0.3934401564733318,0.16621530128639134,0.026856240126382307,0.012036410140675543
E21a,0.65,26586,0.836455277213571,0.8131347325660122,0.7337320394192433,0.6803204694199955,0.6576769728428496,0.8187767998194538,0.7093206951026856,0.6001278868577447,0.49819453847889866,0.3341232227488152,0.13871962687128564,0.016324381253291206,0.007898894154818325
E21a,0.7,26586,0.7645753404047243,0.7394117204543745,0.6678703076807342,0.5895208004212743,0.569924020160987,0.7418190024825095,0.6406003159557662,0.5152711953659821,0.43112916572632215,0.2723237794327842,0.10960655984352667,0.008688783570300158,0.004400812457684496
E21a,0.75,26586,0.6656510945610472,0.6385691717445272,0.577747686752426,0.4647182727751448,0.45057549085985105,0.6362747310614609,0.5476566614007372,0.4164221770856842,0.34905589407959076,0.21082524637027006,0.07996689987211314,0.003987060859098774,0.002143985556307831
E21a,0.8,26586,0.5331377416685473,0.5023320544647559,0.4551643722259836,0.31539155946738884,0.3077183480027082,0.4996614759647935,0.42496050552922593,0.3046716316858497,0.25359211615135785,0.14511396975851953,0.05085383284435417,0.001466937485894832,0.0007898894154818325
E21a,0.85,26586,0.36530504776950273,0.32881967953058,0.2986534266155119,0.17136838937786805,0.16903633491311215,0.33363424358685023,0.271571503798992,0.1882193635748138,0.15338900173023395,0.08553373956217558,0.02689385390807192,0.0004137515985857218,0.0002632964718272775
E21a,0.9,26586,0.17926728353268637,0.14857443767396375,0.13477017979387648,0.05935454750620627,0.05897840968931016,0.15617242157526517,0.11776875047017227,0.08282554728052359,0.06375535996389077,0.03189648687279019,0.00910253516888588,0.00011284134506883322,7.522756337922214e-05
E21a,0.95,26586,0.03569547882344091,0.025502143985556308,0.023659068682765367,0.006469570450613105,0.006469570450613105,0.028624087865794026,0.018994959753253594,0.012976754682915821,0.009478672985781991,0.004099902204167607,0.001015572105619499,0.0,0.0
