model,iou,class,n,top500_survival_rate,failed,raw_geometry_missing,raw_geometry_missing_rate_all,raw_geometry_missing_share_failed,confidence_floor,confidence_floor_rate_all,confidence_floor_share_failed,class_argmax_confusion,class_argmax_confusion_rate_all,class_argmax_confusion_share_failed,nms_suppression,nms_suppression_rate_all,nms_suppression_share_failed,rank_budget_501_1000,rank_budget_501_1000_rate_all,rank_budget_501_1000_share_failed,survives_top500,survives_top500_rate_all,survives_top500_share_failed,class_selection_share_failed
E10a,0.5,awning-tricycle,305,0.43934426229508194,171,9,0.029508196721311476,0.05263157894736842,28,0.09180327868852459,0.16374269005847952,116,0.380327868852459,0.6783625730994152,5,0.01639344262295082,0.029239766081871343,13,0.04262295081967213,0.07602339181286549,134,0.43934426229508194,0.783625730994152,0.8421052631578947
E10a,0.5,bicycle,1053,0.6058879392212726,415,59,0.0560303893637227,0.14216867469879518,37,0.03513770180436847,0.0891566265060241,184,0.17473884140550808,0.4433734939759036,58,0.055080721747388414,0.13975903614457832,77,0.0731244064577398,0.1855421686746988,638,0.6058879392212726,1.5373493975903614,0.5325301204819277
E10a,0.5,bus,116,0.5344827586206896,54,10,0.08620689655172414,0.18518518518518517,11,0.09482758620689655,0.2037037037037037,28,0.2413793103448276,0.5185185185185185,1,0.008620689655172414,0.018518518518518517,4,0.034482758620689655,0.07407407407407407,62,0.5344827586206896,1.1481481481481481,0.7222222222222222
E10a,0.5,car,6910,0.9243125904486251,523,223,0.03227206946454414,0.42638623326959846,53,0.007670043415340087,0.10133843212237094,78,0.011287988422575976,0.1491395793499044,77,0.011143270622286542,0.14722753346080306,92,0.013314037626628075,0.17590822179732313,6387,0.9243125904486251,12.212237093690248,0.25047801147227533
E10a,0.5,motor,3978,0.8536953242835595,582,112,0.02815485168426345,0.19243986254295534,55,0.013826043237807943,0.09450171821305842,271,0.06812468577174459,0.46563573883161513,71,0.017848164906988435,0.12199312714776632,73,0.018350930115636,0.1254295532646048,3396,0.8536953242835595,5.835051546391752,0.5601374570446735
E10a,0.5,pedestrian,7746,0.804286083139685,1516,481,0.06209656596953266,0.31728232189973615,97,0.012522592305706171,0.06398416886543536,474,0.061192873741285826,0.31266490765171506,183,0.023625096824167312,0.12071240105540897,281,0.03627678801962303,0.1853562005277045,6230,0.804286083139685,4.1094986807387865,0.3766490765171504
E10a,0.5,people,4631,0.7343986180090694,1230,413,0.08918160224573526,0.3357723577235772,85,0.018354567048153747,0.06910569105691057,433,0.09350032390412438,0.35203252032520327,144,0.03109479594040164,0.11707317073170732,155,0.033470092852515655,0.12601626016260162,3401,0.7343986180090694,2.765040650406504,0.4211382113821138
E10a,0.5,tricycle,621,0.573268921095008,265,18,0.028985507246376812,0.06792452830188679,53,0.0853462157809984,0.2,158,0.25442834138486314,0.5962264150943396,15,0.024154589371980676,0.05660377358490566,21,0.033816425120772944,0.07924528301886792,356,0.573268921095008,1.3433962264150943,0.7962264150943397
E10a,0.5,truck,289,0.47750865051903113,151,10,0.03460207612456748,0.06622516556291391,25,0.08650519031141868,0.16556291390728478,100,0.3460207612456747,0.6622516556291391,6,0.020761245674740483,0.039735099337748346,10,0.03460207612456748,0.06622516556291391,138,0.47750865051903113,0.9139072847682119,0.8278145695364238
E10a,0.5,van,937,0.41728922091782283,546,16,0.017075773745997867,0.029304029304029304,23,0.02454642475987193,0.04212454212454213,491,0.5240128068303095,0.8992673992673993,4,0.004268943436499467,0.007326007326007326,12,0.012806830309498399,0.02197802197802198,391,0.41728922091782283,0.7161172161172161,0.9413919413919414
E10a,0.75,awning-tricycle,305,0.29180327868852457,216,101,0.33114754098360655,0.4675925925925926,22,0.07213114754098361,0.10185185185185185,81,0.26557377049180325,0.375,11,0.036065573770491806,0.05092592592592592,1,0.003278688524590164,0.004629629629629629,89,0.29180327868852457,0.41203703703703703,0.47685185185185186
E10a,0.75,bicycle,1053,0.25451092117758783,785,459,0.4358974358974359,0.5847133757961783,24,0.022792022792022793,0.030573248407643312,149,0.14150047483380818,0.18980891719745224,119,0.11301044634377967,0.15159235668789808,34,0.032288698955365625,0.04331210191082802,268,0.25451092117758783,0.3414012738853503,0.22038216560509555
E10a,0.75,bus,116,0.43103448275862066,66,44,0.3793103448275862,0.6666666666666666,9,0.07758620689655173,0.13636363636363635,10,0.08620689655172414,0.15151515151515152,3,0.02586206896551724,0.045454545454545456,0,0.0,0.0,50,0.43103448275862066,0.7575757575757576,0.2878787878787879
E10a,0.75,car,6910,0.6532561505065123,2396,1487,0.21519536903039074,0.6206176961602671,149,0.021562952243125905,0.06218697829716194,82,0.01186685962373372,0.034223706176961605,611,0.08842257597684515,0.255008347245409,67,0.009696092619392185,0.027963272120200333,4514,0.6532561505065123,1.8839732888146912,0.09641068447412354
E10a,0.75,motor,3978,0.43514328808446456,2247,1297,0.3260432378079437,0.5772140631953716,92,0.023127199597787834,0.040943480195816645,234,0.058823529411764705,0.1041388518024032,572,0.1437908496732026,0.2545616377392078,52,0.013071895424836602,0.023141967067200713,1731,0.43514328808446456,0.7703604806408545,0.14508233199821985
E10a,0.75,pedestrian,7746,0.40549961270333074,4605,2928,0.378001549186677,0.6358306188925081,158,0.020397624580428608,0.034310532030401734,345,0.04453911696359411,0.0749185667752443,1044,0.13477924089852827,0.22671009771986972,130,0.01678285566744126,0.02823018458197611,3141,0.40549961270333074,0.6820846905537459,0.10922909880564603
E10a,0.75,people,4631,0.3314618872813647,3096,2063,0.4454761390628374,0.666343669250646,113,0.02440077736989851,0.03649870801033592,245,0.05290434031526668,0.0791343669250646,591,0.1276182250053984,0.19089147286821706,84,0.01813863096523429,0.027131782945736434,1535,0.3314618872813647,0.4958010335917313,0.11563307493540052
E10a,0.75,tricycle,621,0.32367149758454106,420,172,0.27697262479871176,0.4095238095238095,53,0.0853462157809984,0.1261904761904762,126,0.2028985507246377,0.3,59,0.09500805152979067,0.14047619047619048,10,0.01610305958132045,0.023809523809523808,201,0.32367149758454106,0.4785714285714286,0.4261904761904762
E10a,0.75,truck,289,0.2698961937716263,211,93,0.3217993079584775,0.44075829383886256,20,0.06920415224913495,0.0947867298578199,70,0.2422145328719723,0.33175355450236965,21,0.0726643598615917,0.0995260663507109,7,0.02422145328719723,0.03317535545023697,78,0.2698961937716263,0.3696682464454976,0.4265402843601896
E10a,0.75,van,937,0.3073639274279616,649,210,0.22411953041622198,0.3235747303543914,36,0.0384204909284952,0.05546995377503852,364,0.38847385272145146,0.5608628659476117,31,0.033084311632870865,0.04776579352850539,8,0.008537886872998933,0.012326656394453005,288,0.3073639274279616,0.4437596302003082,0.6163328197226502
E16a,0.5,awning-tricycle,305,0.419672131147541,177,8,0.02622950819672131,0.04519774011299435,31,0.10163934426229508,0.1751412429378531,128,0.419672131147541,0.7231638418079096,4,0.013114754098360656,0.022598870056497175,6,0.019672131147540985,0.03389830508474576,128,0.419672131147541,0.7231638418079096,0.8983050847457628
E16a,0.5,bicycle,1053,0.6163342830009497,404,53,0.050332383665717,0.1311881188118812,51,0.04843304843304843,0.12623762376237624,167,0.15859449192782527,0.41336633663366334,56,0.05318138651471985,0.13861386138613863,77,0.0731244064577398,0.1905940594059406,649,0.6163342830009497,1.6064356435643565,0.5396039603960396
E16a,0.5,bus,116,0.4827586206896552,60,7,0.0603448275862069,0.11666666666666667,9,0.07758620689655173,0.15,35,0.3017241379310345,0.5833333333333334,3,0.02586206896551724,0.05,6,0.05172413793103448,0.1,56,0.4827586206896552,0.9333333333333333,0.7333333333333333
E16a,0.5,car,6910,0.9254703328509407,515,215,0.031114327062228653,0.4174757281553398,58,0.008393632416787264,0.11262135922330097,66,0.009551374819102749,0.12815533980582525,75,0.01085383502170767,0.14563106796116504,101,0.014616497829232996,0.19611650485436893,6395,0.9254703328509407,12.41747572815534,0.2407766990291262
E16a,0.5,motor,3978,0.8514328808446455,591,122,0.030668677727501256,0.20642978003384094,62,0.01558572146807441,0.10490693739424704,281,0.0706385118149824,0.4754653130287648,64,0.01608848667672197,0.10829103214890017,62,0.01558572146807441,0.10490693739424704,3387,0.8514328808446455,5.730964467005077,0.5803722504230119
E16a,0.5,pedestrian,7746,0.7997676219984509,1551,490,0.0632584559772786,0.3159252095422308,113,0.014588174541698942,0.07285622179239201,506,0.06532403821327136,0.3262411347517731,179,0.023108701265169118,0.1154094132817537,263,0.03395300800413117,0.16956802063185042,6195,0.7997676219984509,3.9941972920696327,0.39909735654416506
E16a,0.5,people,4631,0.7447635499892032,1182,391,0.08443100842150723,0.33079526226734346,85,0.018354567048153747,0.07191201353637902,422,0.09112502699201036,0.3570219966159052,133,0.028719499028287628,0.11252115059221658,151,0.03260634852083783,0.12774957698815567,3449,0.7447635499892032,2.9179357021996615,0.4289340101522843
E16a,0.5,tricycle,621,0.5764895330112721,263,19,0.030595813204508857,0.07224334600760456,48,0.07729468599033816,0.18250950570342206,150,0.24154589371980675,0.5703422053231939,13,0.020933977455716585,0.049429657794676805,33,0.05314009661835749,0.12547528517110265,358,0.5764895330112721,1.361216730038023,0.752851711026616
E16a,0.5,truck,289,0.47058823529411764,153,9,0.031141868512110725,0.058823529411764705,25,0.08650519031141868,0.16339869281045752,105,0.3633217993079585,0.6862745098039216,9,0.031141868512110725,0.058823529411764705,5,0.01730103806228374,0.032679738562091505,136,0.47058823529411764,0.8888888888888888,0.8496732026143791
E16a,0.5,van,937,0.439701173959445,525,22,0.023479188900747065,0.0419047619047619,29,0.030949839914621132,0.05523809523809524,463,0.49413020277481323,0.8819047619047619,7,0.007470651013874066,0.013333333333333334,4,0.004268943436499467,0.007619047619047619,412,0.439701173959445,0.7847619047619048,0.9371428571428572
E16a,0.75,awning-tricycle,305,0.23934426229508196,232,99,0.32459016393442625,0.4267241379310345,28,0.09180327868852459,0.1206896551724138,86,0.2819672131147541,0.3706896551724138,18,0.05901639344262295,0.07758620689655173,1,0.003278688524590164,0.004310344827586207,73,0.23934426229508196,0.3146551724137931,0.49137931034482757
E16a,0.75,bicycle,1053,0.25925925925925924,780,464,0.4406457739791073,0.5948717948717949,40,0.03798670465337132,0.05128205128205128,126,0.11965811965811966,0.16153846153846155,119,0.11301044634377967,0.15256410256410258,31,0.029439696106362774,0.03974358974358974,273,0.25925925925925924,0.35,0.2128205128205128
E16a,0.75,bus,116,0.4051724137931034,69,42,0.3620689655172414,0.6086956521739131,5,0.04310344827586207,0.07246376811594203,19,0.16379310344827586,0.2753623188405797,1,0.008620689655172414,0.014492753623188406,2,0.017241379310344827,0.028985507246376812,47,0.4051724137931034,0.6811594202898551,0.34782608695652173
E16a,0.75,car,6910,0.6567293777134587,2372,1471,0.21287988422575976,0.6201517706576728,158,0.022865412445730825,0.06661045531197302,81,0.011722141823444283,0.03414839797639123,608,0.08798842257597685,0.2563237774030354,54,0.007814761215629523,0.022765598650927487,4538,0.6567293777134587,1.9131534569983137,0.10075885328836424
E16a,0.75,motor,3978,0.4384112619406737,2234,1321,0.3320764203117144,0.5913160250671441,89,0.02237305178481649,0.03983885407341092,221,0.05555555555555555,0.09892569382273948,551,0.13851181498240323,0.2466427931960609,52,0.013071895424836602,0.023276633840644583,1744,0.4384112619406737,0.7806624888093107,0.1387645478961504
E16a,0.75,pedestrian,7746,0.41169635941130905,4557,2918,0.37671056028918154,0.640333552775949,185,0.023883294603666408,0.04059688391485627,368,0.047508391427833724,0.08075488259820057,965,0.12458042860831396,0.2117621242045205,121,0.015620965659695327,0.026552556506473556,3189,0.41169635941130905,0.6998025016458196,0.12135176651305683
E16a,0.75,people,4631,0.33383718419347874,3085,2064,0.44569207514575687,0.6690437601296596,115,0.02483264953573742,0.03727714748784441,230,0.04966529907147484,0.07455429497568881,586,0.12653854459080113,0.1899513776337115,90,0.019434247462751027,0.029173419773095625,1546,0.33383718419347874,0.5011345218800648,0.11183144246353323
E16a,0.75,tricycle,621,0.33494363929146537,413,179,0.2882447665056361,0.43341404358353514,51,0.0821256038647343,0.1234866828087167,114,0.18357487922705315,0.27602905569007263,55,0.08856682769726248,0.13317191283292978,14,0.02254428341384863,0.03389830508474576,208,0.33494363929146537,0.5036319612590799,0.39951573849878935
E16a,0.75,truck,289,0.28719723183391005,206,88,0.3044982698961938,0.42718446601941745,21,0.0726643598615917,0.10194174757281553,78,0.2698961937716263,0.3786407766990291,19,0.0657439446366782,0.09223300970873786,0,0.0,0.0,83,0.28719723183391005,0.4029126213592233,0.48058252427184467
E16a,0.75,van,937,0.3244397011739594,633,203,0.21664887940234792,0.320695102685624,39,0.0416221985058698,0.061611374407582936,353,0.3767342582710779,0.5576619273301737,36,0.0384204909284952,0.05687203791469194,2,0.0021344717182497333,0.00315955766192733,304,0.3244397011739594,0.4802527646129542,0.6192733017377567
E21a,0.5,awning-tricycle,305,0.46229508196721314,164,5,0.01639344262295082,0.03048780487804878,38,0.12459016393442623,0.23170731707317074,106,0.3475409836065574,0.6463414634146342,5,0.01639344262295082,0.03048780487804878,10,0.03278688524590164,0.06097560975609756,141,0.46229508196721314,0.8597560975609756,0.8780487804878049
E21a,0.5,bicycle,1053,0.6058879392212726,415,64,0.060778727445394115,0.15421686746987953,35,0.03323836657169991,0.08433734939759036,198,0.18803418803418803,0.4771084337349398,52,0.04938271604938271,0.12530120481927712,66,0.06267806267806268,0.15903614457831325,638,0.6058879392212726,1.5373493975903614,0.5614457831325301
E21a,0.5,bus,116,0.5344827586206896,54,10,0.08620689655172414,0.18518518518518517,15,0.12931034482758622,0.2777777777777778,23,0.19827586206896552,0.42592592592592593,1,0.008620689655172414,0.018518518518518517,5,0.04310344827586207,0.09259259259259259,62,0.5344827586206896,1.1481481481481481,0.7037037037037037
E21a,0.5,car,6910,0.9286541244573082,493,193,0.02793053545586107,0.39148073022312374,49,0.007091172214182344,0.09939148073022312,90,0.013024602026049204,0.18255578093306288,61,0.008827785817655571,0.12373225152129817,100,0.01447178002894356,0.2028397565922921,6417,0.9286541244573082,13.016227180527384,0.281947261663286
E21a,0.5,motor,3978,0.8594771241830066,559,118,0.029663147310206132,0.2110912343470483,69,0.017345399698340876,0.12343470483005367,247,0.06209150326797386,0.4418604651162791,50,0.01256913021618904,0.08944543828264759,75,0.01885369532428356,0.13416815742397137,3419,0.8594771241830066,6.116279069767442,0.5652951699463328
E21a,0.5,pedestrian,7746,0.8010586108959463,1541,459,0.0592563903950426,0.29785853341985724,111,0.014329976762199844,0.07203114860480207,543,0.07010069713400464,0.35236859182349123,201,0.025948876839659178,0.13043478260869565,227,0.029305447973147433,0.1473069435431538,6205,0.8010586108959463,4.026606099935107,0.4243997404282933
E21a,0.5,people,4631,0.7326711293457137,1238,398,0.08594256100194342,0.32148626817447495,82,0.01770675879939538,0.06623586429725363,460,0.09933059814294969,0.3715670436187399,153,0.03303822068667674,0.12358642972536349,145,0.031310732023321096,0.11712439418416801,3393,0.7326711293457137,2.7407108239095317,0.4378029079159935
E21a,0.5,tricycle,621,0.5813204508856683,260,23,0.037037037037037035,0.08846153846153847,45,0.07246376811594203,0.17307692307692307,153,0.2463768115942029,0.5884615384615385,14,0.02254428341384863,0.05384615384615385,25,0.040257648953301126,0.09615384615384616,361,0.5813204508856683,1.3884615384615384,0.7615384615384615
E21a,0.5,truck,289,0.49480968858131485,146,11,0.03806228373702422,0.07534246575342465,25,0.08650519031141868,0.17123287671232876,95,0.328719723183391,0.6506849315068494,3,0.010380622837370242,0.02054794520547945,12,0.04152249134948097,0.0821917808219178,143,0.49480968858131485,0.9794520547945206,0.821917808219178
E21a,0.5,van,937,0.4535752401280683,512,20,0.021344717182497332,0.0390625,24,0.025613660618996798,0.046875,454,0.48452508004268946,0.88671875,9,0.0096051227321238,0.017578125,5,0.005336179295624333,0.009765625,425,0.4535752401280683,0.830078125,0.93359375
E21a,0.75,awning-tricycle,305,0.26557377049180325,224,106,0.3475409836065574,0.4732142857142857,26,0.08524590163934426,0.11607142857142858,73,0.23934426229508196,0.32589285714285715,13,0.04262295081967213,0.05803571428571429,6,0.019672131147540985,0.026785714285714284,81,0.26557377049180325,0.36160714285714285,0.4419642857142857
E21a,0.75,bicycle,1053,0.251661918328585,788,459,0.4358974358974359,0.5824873096446701,49,0.04653371320037987,0.06218274111675127,133,0.12630579297245964,0.16878172588832488,132,0.12535612535612536,0.16751269035532995,15,0.014245014245014245,0.01903553299492386,265,0.251661918328585,0.3362944162436548,0.23096446700507614
E21a,0.75,bus,116,0.43103448275862066,66,47,0.4051724137931034,0.7121212121212122,4,0.034482758620689655,0.06060606060606061,13,0.11206896551724138,0.19696969696969696,2,0.017241379310344827,0.030303030303030304,0,0.0,0.0,50,0.43103448275862066,0.7575757575757576,0.25757575757575757
E21a,0.75,car,6910,0.6552821997105645,2382,1470,0.21273516642547033,0.6171284634760705,145,0.020984081041968163,0.06087321578505458,100,0.01447178002894356,0.041981528127623846,600,0.08683068017366136,0.2518891687657431,67,0.009696092619392185,0.028127623845507977,4528,0.6552821997105645,1.9009235936188078,0.10285474391267842
E21a,0.75,motor,3978,0.44017094017094016,2227,1285,0.32302664655605834,0.5770094297260889,111,0.02790346907993967,0.049842837898518184,182,0.0457516339869281,0.08172429277054333,595,0.14957264957264957,0.26717557251908397,54,0.013574660633484163,0.024247867085765602,1751,0.44017094017094016,0.7862595419847328,0.1315671306690615
E21a,0.75,pedestrian,7746,0.41169635941130905,4557,2958,0.38187451587916343,0.6491112574061882,166,0.021430415698424993,0.036427474215492646,340,0.043893622514846374,0.07461048935703314,983,0.12690420862380583,0.21571209128812815,110,0.014200877872450297,0.02413868773315778,3189,0.41169635941130905,0.6998025016458196,0.11103796357252578
E21a,0.75,people,4631,0.3275750377888145,3114,2098,0.45303390196501836,0.6737315350032113,110,0.023752969121140142,0.035324341682723186,233,0.05031310732023321,0.07482337829158639,568,0.12265169509825091,0.18240205523442518,105,0.022673288706542862,0.03371868978805395,1517,0.3275750377888145,0.4871547848426461,0.11014771997430957
E21a,0.75,tricycle,621,0.33011272141706927,416,181,0.2914653784219002,0.43509615384615385,52,0.08373590982286634,0.125,117,0.18840579710144928,0.28125,54,0.08695652173913043,0.12980769230769232,12,0.01932367149758454,0.028846153846153848,205,0.33011272141706927,0.49278846153846156,0.40625
E21a,0.75,truck,289,0.28027681660899656,208,93,0.3217993079584775,0.44711538461538464,18,0.06228373702422145,0.08653846153846154,74,0.2560553633217993,0.3557692307692308,18,0.06228373702422145,0.08653846153846154,5,0.01730103806228374,0.02403846153846154,81,0.28027681660899656,0.3894230769230769,0.4423076923076923
E21a,0.75,van,937,0.3329775880469584,625,192,0.20490928495197439,0.3072,39,0.0416221985058698,0.0624,352,0.37566702241195304,0.5632,40,0.042689434364994665,0.064,2,0.0021344717182497333,0.0032,312,0.3329775880469584,0.4992,0.6256
