                  epoch,         train/box_loss,         train/cls_loss,         train/dfl_loss, train/reliability_loss,   metrics/precision(B),      metrics/recall(B),       metrics/mAP50(B),    metrics/mAP50-95(B),           val/box_loss,           val/cls_loss,           val/dfl_loss,   val/reliability_loss,                 lr/pg0,                 lr/pg1,                 lr/pg2
                      1,                 1.1983,                0.78968,                  1.002,                0.01368,                0.61233,                0.51868,                 0.5403,                0.33619,                 1.3118,                0.96819,                 1.0697,                0.00517,              0.0021211,              0.0019975,              0.0019975
                      2,                 1.1967,                0.78957,                 1.0007,                0.00401,                0.61529,                0.51678,                0.54017,                0.33593,                 1.3122,                0.96611,                 1.0686,                0.00461,              0.0019951,              0.0019951,              0.0019951
                      3,                 1.1976,                 0.7866,                 1.0009,                 0.0035,                0.61143,                0.51988,                0.54027,                0.33625,                 1.3119,                0.96444,                  1.068,                0.00432,              0.0019803,              0.0019803,              0.0019803
                      4,                 1.1938,                0.78338,                 1.0002,                 0.0033,                 0.6099,                0.52037,                0.54015,                0.33621,                 1.3116,                0.96484,                 1.0678,                0.00413,               0.001956,               0.001956,               0.001956
                      5,                 1.1941,                  0.785,                 1.0004,                0.00317,                0.61394,                0.51774,                0.54015,                0.33605,                  1.312,                0.96492,                 1.0681,                0.00395,              0.0019222,              0.0019222,              0.0019222
                      6,                 1.2025,                0.78765,                 1.0016,                0.00305,                0.61418,                0.51828,                0.54031,                0.33621,                 1.3119,                0.96398,                 1.0674,                0.00404,              0.0018794,              0.0018794,              0.0018794
                      7,                 1.2013,                0.78874,                 1.0018,                0.00298,                 0.6121,                0.51914,                0.54029,                0.33624,                 1.3122,                0.96424,                 1.0677,                0.00378,              0.0018281,              0.0018281,              0.0018281
                      8,                    1.2,                0.78759,                  1.001,                0.00291,                0.61027,                0.52082,                0.54032,                0.33627,                 1.3122,                0.96382,                 1.0677,                0.00386,              0.0017688,              0.0017688,              0.0017688
                      9,                 1.1983,                0.78685,                 1.0004,                0.00289,                0.61049,                0.52091,                0.54027,                0.33631,                 1.3122,                0.96405,                 1.0678,                0.00373,              0.0017022,              0.0017022,              0.0017022
                     10,                 1.1972,                0.78353,                 1.0001,                 0.0028,                0.61044,                 0.5218,                0.54023,                0.33636,                 1.3122,                0.96452,                  1.067,                0.00392,               0.001629,               0.001629,               0.001629
                     11,                 1.1982,                0.78514,                 1.0023,                0.00281,                0.61001,                0.52067,                0.54034,                0.33634,                 1.3124,                0.96452,                 1.0678,                0.00377,                0.00155,                0.00155,                0.00155
                     12,                 1.2028,                0.78776,                0.99988,                0.00277,                 0.6114,                0.52116,                0.54042,                0.33639,                 1.3122,                0.96391,                 1.0674,                0.00363,              0.0014661,              0.0014661,              0.0014661
                     13,                 1.2002,                0.78689,                 1.0009,                0.00276,                 0.6092,                0.52082,                0.54042,                0.33625,                 1.3125,                0.96446,                 1.0677,                0.00367,              0.0013781,              0.0013781,              0.0013781
                     14,                 1.2006,                 0.7852,                 1.0016,                0.00275,                0.61165,                0.52076,                0.54044,                0.33629,                 1.3126,                0.96369,                 1.0672,                0.00376,              0.0012871,              0.0012871,              0.0012871
                     15,                 1.2032,                0.78807,                 1.0021,                0.00275,                0.61169,                0.52055,                 0.5404,                0.33647,                  1.312,                0.96377,                 1.0664,                0.00389,              0.0011941,              0.0011941,              0.0011941
                     16,                 1.1938,                0.78237,                0.99902,                0.00275,                0.61224,                0.51936,                0.54063,                0.33652,                 1.3121,                0.96402,                 1.0673,                0.00369,                 0.0011,                 0.0011,                 0.0011
                     17,                 1.2001,                0.78587,                 1.0009,                0.00271,                0.61306,                0.52021,                0.54055,                 0.3363,                 1.3124,                0.96385,                 1.0673,                0.00363,              0.0010059,              0.0010059,              0.0010059
                     18,                 1.2006,                0.78589,                 1.0003,                0.00267,                0.61267,                0.51956,                0.54058,                0.33646,                 1.3125,                0.96398,                 1.0673,                0.00372,             0.00091288,             0.00091288,             0.00091288
                     19,                  1.198,                0.78538,                0.99881,                0.00269,                0.61271,                0.52072,                0.54068,                0.33652,                 1.3125,                0.96361,                 1.0673,                0.00365,             0.00082188,             0.00082188,             0.00082188
                     20,                 1.1941,                0.78194,                 1.0009,                0.00267,                 0.6127,                0.51969,                0.54041,                0.33654,                 1.3125,                0.96358,                 1.0672,                0.00381,             0.00073394,             0.00073394,             0.00073394
                     21,                 1.2002,                0.78552,                 1.0014,                0.00271,                0.61194,                0.52055,                0.54067,                0.33662,                 1.3125,                0.96339,                 1.0671,                0.00366,                0.00065,                0.00065,                0.00065
                     22,                 1.1989,                0.78276,                 1.0034,                0.00265,                0.61066,                0.52062,                0.54056,                0.33648,                 1.3121,                0.96362,                 1.0674,                0.00356,             0.00057099,             0.00057099,             0.00057099
                     23,                 1.1964,                0.78541,                 1.0007,                0.00268,                0.61192,                0.52052,                0.54072,                0.33665,                 1.3122,                0.96351,                 1.0668,                0.00364,             0.00049778,             0.00049778,             0.00049778
                     24,                 1.1909,                0.78024,                0.99705,                0.00265,                 0.6126,                0.51987,                0.54062,                0.33657,                 1.3123,                0.96346,                  1.067,                0.00363,             0.00043117,             0.00043117,             0.00043117
                     25,                 1.1963,                 0.7838,                0.99964,                0.00264,                0.61135,                0.52091,                0.54051,                0.33663,                 1.3123,                0.96349,                  1.067,                0.00369,             0.00037188,             0.00037188,             0.00037188
                     26,                 1.1902,                0.75541,                 1.0047,                0.00227,                0.61065,                0.52005,                0.54041,                0.33623,                 1.3121,                0.96392,                 1.0675,                0.00381,             0.00032058,             0.00032058,             0.00032058
                     27,                 1.1877,                0.75407,                 1.0026,                0.00225,                0.61214,                0.51834,                0.54064,                0.33628,                 1.3124,                0.96412,                 1.0679,                0.00393,             0.00027781,             0.00027781,             0.00027781
                     28,                 1.1881,                0.75478,                 1.0049,                 0.0023,                0.61257,                0.51979,                 0.5405,                0.33635,                 1.3121,                0.96367,                 1.0671,                0.00384,             0.00024405,             0.00024405,             0.00024405
                     29,                 1.1866,                0.75397,                 1.0035,                0.00227,                0.61167,                0.51924,                0.54039,                0.33636,                 1.3124,                0.96358,                 1.0675,                0.00382,             0.00021967,             0.00021967,             0.00021967
                     30,                 1.1868,                0.75223,                 1.0039,                 0.0023,                0.61203,                0.51949,                 0.5404,                0.33639,                 1.3123,                0.96369,                 1.0672,                0.00384,             0.00020493,             0.00020493,             0.00020493
